idestacion,lat,lon,uso,luns,lune,lunt,mars,mare,mart,mies,miee,miet,jues,juee,juet,vies,viee,viet,sabs,sabt,sabe,doms,dome,domt,totals,totale,tipoestacion
0,19.367,-99.159,978,-0.35,0.49,5,-0.34,0.47,5,-0.34,0.49,5,-0.34,0.54,5,-0.34,0.48,5,-0.45,0.21,3,-0.44,0.21,3,-0.37,0.41,5
1,19.363,-99.16,1045,-0.2,0.27,2,-0.21,0.3,2,-0.2,0.31,2,-0.21,0.3,2,-0.25,0.21,3,-0.27,0.11,3,-0.24,0.09,1,-0.22,0.22,6
2,19.365,-99.163,1056,-0.28,0.22,3,-0.27,0.21,3,-0.26,0.22,3,-0.28,0.2,3,-0.22,0.26,2,-0.22,0.19,1,-0.3,0.16,3,-0.26,0.2,3
3,19.36,-99.162,841,-0.1,0.34,2,-0.09,0.35,2,-0.08,0.36,2,-0.08,0.35,2,-0.08,0.35,2,-0.13,0.14,1,-0.16,0.12,1,-0.1,0.28,2
4,19.368,-99.175,1048,-0.18,0.53,2,-0.21,0.57,2,-0.17,0.59,2,-0.14,0.57,2,-0.15,0.57,2,-0.18,0.24,1,-0.21,0.16,1,-0.17,0.46,2
5,19.365,-99.174,1049,-0.17,0.39,2,-0.17,0.42,2,-0.18,0.41,2,-0.17,0.43,2,-0.17,0.4,2,-0.21,0.15,1,-0.22,0.13,1,-0.18,0.33,2
6,19.371,-99.176,1047,-0.28,0.65,5,-0.3,0.71,5,-0.37,0.7,5,-0.27,0.69,5,-0.24,0.67,2,-0.1,0.25,2,-0.14,0.24,1,-0.24,0.55,2
7,19.373,-99.184,961,-0.16,0.17,1,-0.16,0.16,6,-0.14,0.17,1,-0.14,0.17,1,-0.14,0.19,1,-0.13,0.1,1,-0.2,0.07,1,-0.15,0.14,1
8,19.425,-99.172,3945,-0.21,0.24,1,-0.24,0.25,2,-0.23,0.25,2,-0.22,0.26,2,-0.2,0.23,1,-0.15,0.11,1,-0.14,0.09,1,-0.19,0.2,1
9,19.434,-99.131,1017,-0.31,0.33,5,-0.37,0.37,6,-0.29,0.37,5,-0.32,0.38,5,-0.25,0.48,5,-0.21,0.25,2,-0.25,0.21,3,-0.28,0.34,5
10,19.371,-99.157,978,-0.21,0.26,2,-0.19,0.27,2,-0.2,0.27,2,-0.19,0.27,2,-0.17,0.29,2,-0.16,0.11,1,-0.19,0.09,1,-0.18,0.22,1
11,19.377,-99.159,1045,-0.2,0.18,1,-0.19,0.16,1,-0.21,0.17,1,-0.19,0.18,1,-0.17,0.21,1,-0.17,0.13,1,-0.15,0.13,1,-0.18,0.16,1
12,19.372,-99.172,976,-0.21,0.4,2,-0.3,0.42,5,-0.24,0.45,2,-0.22,0.43,2,-0.21,0.34,2,-0.09,0.12,1,-0.14,0.21,1,-0.2,0.33,2
13,19.385,-99.167,981,-0.18,0.82,2,-0.18,0.86,2,-0.2,0.85,2,-0.19,0.85,2,-0.13,0.83,2,-0.12,0.58,2,-0.21,0.5,2,-0.17,0.75,2
14,19.368,-99.164,979,-0.24,0.57,2,-0.3,0.61,5,-0.22,0.64,2,-0.3,0.63,5,-0.18,0.61,2,-0.1,0.23,1,-0.14,0.18,1,-0.21,0.49,2
15,19.376,-99.178,1061,-0.39,0.7,5,-0.42,0.74,5,-0.33,0.72,5,-0.38,0.75,5,-0.26,0.71,5,-0.19,0.31,2,-0.27,0.25,4,-0.32,0.59,5
16,19.385,-99.184,982,-0.27,0.74,5,-0.28,0.76,5,-0.2,0.75,2,-0.22,0.76,2,-0.18,0.76,2,-0.12,0.51,2,-0.24,0.27,2,-0.21,0.64,2
17,19.372,-99.165,978,-0.24,0.7,2,-0.23,0.75,2,-0.27,0.74,5,-0.23,0.73,2,-0.15,0.72,2,-0.13,0.29,2,-0.21,0.17,1,-0.2,0.58,2
18,19.375,-99.164,1063,-0.4,0.55,5,-0.46,0.58,5,-0.42,0.59,5,-0.38,0.6,5,-0.23,0.58,2,-0.13,0.19,1,-0.18,0.14,1,-0.31,0.46,5
19,19.379,-99.163,984,-0.39,0.26,4,-0.39,0.3,4,-0.38,0.3,4,-0.4,0.29,4,-0.31,0.32,5,-0.18,0.15,1,-0.25,0.19,3,-0.32,0.25,4
20,19.382,-99.181,963,-0.54,0.57,5,-0.53,0.63,5,-0.53,0.64,5,-0.52,0.64,5,-0.51,0.48,4,-0.24,0.16,1,-0.29,0.23,3,-0.45,0.47,5
21,19.381,-99.187,1062,-0.49,0.61,5,-0.49,0.65,5,-0.5,0.65,5,-0.48,0.65,5,-0.46,0.52,5,-0.26,0.16,3,-0.32,0.24,3,-0.42,0.49,5
22,19.367,-99.171,978,-0.57,0.75,5,-0.56,0.78,5,-0.55,0.78,5,-0.55,0.76,5,-0.47,0.75,5,-0.4,0.3,4,-0.5,0.39,4,-0.51,0.64,5
23,19.37,-99.179,923,-0.32,0.49,5,-0.32,0.53,5,-0.3,0.56,5,-0.32,0.52,5,-0.21,0.45,2,-0.13,0.15,1,-0.17,0.13,1,-0.25,0.4,5
24,19.399,-99.183,1056,-0.3,0.69,5,-0.3,0.74,5,-0.36,0.73,5,-0.33,0.72,5,-0.21,0.72,2,-0.19,0.41,2,-0.3,0.3,6,-0.28,0.61,5
25,19.396,-99.184,926,-0.29,0.42,5,-0.31,0.43,5,-0.3,0.48,5,-0.28,0.49,5,-0.21,0.5,2,-0.23,0.28,2,-0.29,0.26,4,-0.27,0.4,5
26,19.378,-99.17,975,-0.32,0.79,5,-0.27,0.81,5,-0.27,0.82,5,-0.31,0.8,5,-0.22,0.8,2,-0.18,0.53,2,-0.3,0.41,5,-0.26,0.7,5
27,19.364,-99.171,1966,-0.22,0.56,2,-0.23,0.63,2,-0.22,0.58,2,-0.22,0.58,2,-0.2,0.56,2,-0.14,0.22,1,-0.15,0.25,2,-0.19,0.48,2
28,19.362,-99.173,1006,-0.39,0.53,5,-0.41,0.54,5,-0.43,0.5,5,-0.42,0.52,5,-0.39,0.53,5,-0.23,0.48,2,-0.26,0.55,5,-0.36,0.52,5
29,19.376,-99.168,1027,-0.11,0.54,2,-0.09,0.61,2,-0.1,0.6,2,-0.11,0.58,2,-0.06,0.58,2,-0.08,0.33,2,-0.12,0.23,1,-0.09,0.49,2
30,19.365,-99.176,1036,-0.33,0.51,5,-0.33,0.55,5,-0.32,0.57,5,-0.31,0.57,5,-0.21,0.55,2,-0.14,0.53,2,-0.25,0.31,5,-0.27,0.51,5
31,19.377,-99.161,1040,-0.21,0.49,2,-0.24,0.52,2,-0.22,0.5,2,-0.2,0.52,2,-0.19,0.46,2,-0.12,0.19,1,-0.15,0.16,1,-0.18,0.4,2
32,19.376,-99.186,1977,-0.15,0.27,2,-0.13,0.3,2,-0.12,0.31,2,-0.13,0.31,2,-0.12,0.29,2,-0.11,0.16,1,-0.15,0.11,1,-0.13,0.25,2
33,19.385,-99.178,935,-0.25,0.48,5,-0.22,0.55,2,-0.22,0.56,2,-0.2,0.58,2,-0.19,0.55,2,-0.15,0.35,2,-0.19,0.23,1,-0.2,0.47,2
34,19.373,-99.167,983,-0.16,0.43,2,-0.14,0.46,2,-0.14,0.48,2,-0.14,0.48,2,-0.12,0.47,2,-0.09,0.28,2,-0.12,0.18,1,-0.13,0.39,2
35,19.382,-99.179,981,-0.19,0.46,2,-0.19,0.51,2,-0.18,0.48,2,-0.17,0.5,2,-0.21,0.45,2,-0.18,0.26,2,-0.25,0.17,3,-0.19,0.4,2
36,19.374,-99.181,1031,-0.24,0.6,2,-0.27,0.65,5,-0.25,0.61,5,-0.21,0.63,2,-0.23,0.58,2,-0.17,0.37,2,-0.23,0.28,2,-0.22,0.53,2
37,19.38,-99.181,980,-0.32,0.65,5,-0.36,0.7,5,-0.28,0.69,5,-0.32,0.67,5,-0.25,0.65,5,-0.16,0.42,2,-0.23,0.26,2,-0.27,0.57,5
38,19.373,-99.178,844,-0.14,0.21,1,-0.15,0.24,1,-0.11,0.27,2,-0.09,0.24,1,-0.07,0.22,1,-0.06,0.11,1,-0.08,0.08,6,-0.1,0.19,1
39,19.395,-99.173,1050,-0.16,0.28,2,-0.14,0.33,2,-0.14,0.33,2,-0.13,0.33,2,-0.14,0.29,2,-0.12,0.22,1,-0.15,0.18,1,-0.14,0.28,2
40,19.379,-99.177,1016,-0.33,0.19,3,-0.39,0.19,3,-0.4,0.18,3,-0.38,0.17,3,-0.37,0.18,3,-0.24,0.12,1,-0.2,0.21,1,-0.33,0.17,3
41,19.382,-99.177,1045,-0.15,0.42,2,-0.17,0.49,2,-0.13,0.48,2,-0.14,0.49,2,-0.12,0.42,2,-0.13,0.25,2,-0.16,0.19,1,-0.14,0.39,2
42,19.388,-99.181,976,-0.41,0.48,5,-0.47,0.5,5,-0.42,0.48,5,-0.44,0.48,5,-0.37,0.51,5,-0.15,0.51,2,-0.16,0.57,2,-0.34,0.5,5
43,19.359,-99.156,959,-0.08,0.14,1,-0.07,0.16,1,-0.08,0.15,1,-0.08,0.14,1,-0.08,0.12,1,-0.06,0.07,1,-0.07,0.06,1,-0.07,0.12,1
44,19.363,-99.158,914,-0.25,0.69,5,-0.29,0.71,5,-0.25,0.73,5,-0.2,0.71,2,-0.19,0.71,2,-0.18,0.33,2,-0.26,0.26,6,-0.23,0.59,2
45,19.37,-99.174,1038,-0.11,0.62,2,-0.11,0.63,2,-0.1,0.63,2,-0.1,0.64,2,-0.08,0.6,2,-0.09,0.41,2,-0.12,0.37,2,-0.1,0.55,2
46,19.361,-99.162,982,-0.1,0.37,2,-0.09,0.41,2,-0.1,0.44,2,-0.09,0.41,2,-0.06,0.4,2,-0.07,0.28,2,-0.09,0.24,1,-0.08,0.36,2
47,19.38,-99.164,1026,-0.19,0.15,1,-0.2,0.16,1,-0.19,0.16,1,-0.2,0.14,1,-0.18,0.15,1,-0.15,0.16,1,-0.13,0.19,1,-0.17,0.15,1
48,19.365,-99.155,1040,-0.23,0.32,2,-0.23,0.46,2,-0.23,0.34,2,-0.23,0.31,2,-0.22,0.28,2,-0.23,0.17,1,-0.25,0.14,3,-0.23,0.28,2
49,19.37,-99.172,960,-0.11,0.2,1,-0.11,0.21,1,-0.11,0.2,1,-0.12,0.18,1,-0.11,0.17,1,-0.1,0.07,1,-0.13,0.06,1,-0.11,0.15,1
50,19.384,-99.172,956,-0.11,0.53,2,-0.12,0.56,2,-0.12,0.55,2,-0.11,0.58,2,-0.08,0.54,2,-0.09,0.39,2,-0.12,0.3,2,-0.1,0.49,2
51,19.371,-99.182,914,-0.35,0.27,4,-0.42,0.3,4,-0.4,0.29,4,-0.39,0.28,4,-0.42,0.24,3,-0.2,0.23,1,-0.13,0.28,2,-0.33,0.27,4
52,19.394,-99.176,2099,-0.17,0.36,2,-0.18,0.4,2,-0.15,0.4,2,-0.16,0.39,2,-0.14,0.4,2,-0.15,0.22,1,-0.16,0.16,6,-0.15,0.33,2
53,19.381,-99.175,870,-0.09,0.52,2,-0.08,0.52,2,-0.08,0.56,2,-0.08,0.53,2,-0.08,0.54,2,-0.08,0.46,2,-0.11,0.38,2,-0.08,0.5,2
54,19.373,-99.172,974,-0.08,0.23,1,-0.07,0.21,1,-0.08,0.22,1,-0.07,0.23,1,-0.07,0.23,1,-0.07,0.2,1,-0.07,0.21,1,-0.07,0.21,1
55,19.386,-99.181,989,-0.22,0.13,1,-0.21,0.14,1,-0.2,0.15,1,-0.2,0.12,1,-0.21,0.13,1,-0.2,0.11,1,-0.21,0.1,1,-0.2,0.12,1
56,19.398,-99.173,968,-0.14,0.26,2,-0.13,0.26,2,-0.11,0.24,1,-0.1,0.24,1,-0.12,0.23,1,-0.1,0.19,1,-0.14,0.17,1,-0.12,0.22,1
57,19.394,-99.178,1045,-0.11,0.4,2,-0.09,0.42,2,-0.09,0.45,2,-0.11,0.42,2,-0.07,0.44,2,-0.1,0.3,2,-0.12,0.2,1,-0.09,0.37,2
58,19.393,-99.184,1057,-0.24,0.28,2,-0.29,0.24,3,-0.25,0.24,3,-0.27,0.23,3,-0.27,0.23,3,-0.22,0.14,1,-0.23,0.14,1,-0.25,0.21,3
59,19.388,-99.17,957,-0.14,0.38,2,-0.13,0.35,2,-0.13,0.36,2,-0.11,0.35,2,-0.13,0.39,2,-0.1,0.4,2,-0.14,0.37,2,-0.12,0.37,2
60,19.389,-99.178,960,-0.2,0.13,1,-0.19,0.16,1,-0.19,0.17,1,-0.19,0.17,1,-0.19,0.14,1,-0.22,0.11,1,-0.19,0.11,1,-0.19,0.14,1
61,19.387,-99.173,976,-0.11,0.2,1,-0.09,0.19,1,-0.09,0.2,1,-0.08,0.2,1,-0.07,0.22,1,-0.09,0.17,1,-0.12,0.14,1,-0.09,0.18,1
62,19.387,-99.165,1042,-0.22,0.48,2,-0.2,0.51,2,-0.16,0.5,2,-0.16,0.5,2,-0.18,0.58,2,-0.14,0.54,2,-0.18,0.46,2,-0.17,0.51,2
63,19.415,-99.167,1010,-0.14,0.24,1,-0.18,0.26,2,-0.17,0.24,1,-0.17,0.23,1,-0.17,0.23,1,-0.09,0.2,1,-0.09,0.23,1,-0.14,0.23,1
64,19.41,-99.18,1060,-0.19,0.14,1,-0.18,0.15,1,-0.17,0.15,1,-0.18,0.15,1,-0.17,0.16,1,-0.17,0.08,1,-0.19,0.08,1,-0.17,0.13,1
65,19.412,-99.176,1045,-0.22,0.18,1,-0.18,0.18,6,-0.19,0.18,1,-0.17,0.21,1,-0.17,0.23,1,-0.19,0.13,1,-0.22,0.12,1,-0.19,0.17,1
66,19.384,-99.161,957,-0.25,0.44,5,-0.19,0.5,2,-0.16,0.55,2,-0.2,0.53,2,-0.17,0.55,2,-0.23,0.45,2,-0.32,0.31,4,-0.21,0.47,2
67,19.389,-99.183,837,-0.2,0.29,2,-0.16,0.24,1,-0.16,0.26,2,-0.17,0.27,2,-0.15,0.28,2,-0.15,0.28,2,-0.18,0.25,2,-0.16,0.26,2
68,19.391,-99.174,1039,-0.16,0.32,2,-0.16,0.24,1,-0.14,0.27,2,-0.14,0.29,2,-0.14,0.34,2,-0.11,0.45,2,-0.13,0.42,2,-0.14,0.33,2
69,19.383,-99.158,1037,-0.13,0.19,1,-0.11,0.2,1,-0.11,0.18,1,-0.11,0.19,1,-0.11,0.23,1,-0.1,0.2,1,-0.14,0.2,1,-0.11,0.19,1
70,19.393,-99.168,1044,-0.29,0.22,3,-0.27,0.23,3,-0.29,0.21,3,-0.24,0.21,1,-0.22,0.23,1,-0.23,0.15,1,-0.25,0.16,3,-0.25,0.2,3
71,19.41,-99.173,926,-0.14,0.09,1,-0.13,0.1,1,-0.12,0.1,1,-0.13,0.1,1,-0.12,0.11,1,-0.12,0.11,1,-0.14,0.09,1,-0.12,0.1,1
72,19.421,-99.168,1039,-0.2,0.32,2,-0.17,0.36,2,-0.16,0.31,2,-0.17,0.36,2,-0.15,0.47,2,-0.16,0.26,2,-0.22,0.23,1,-0.17,0.33,2
73,19.409,-99.17,977,-0.33,0.14,3,-0.29,0.14,3,-0.26,0.17,3,-0.28,0.15,3,-0.21,0.18,1,-0.19,0.19,6,-0.25,0.19,3,-0.25,0.16,3
74,19.413,-99.167,1043,-0.25,0.13,3,-0.24,0.15,1,-0.23,0.11,1,-0.25,0.12,3,-0.22,0.11,1,-0.15,0.13,1,-0.14,0.12,1,-0.21,0.12,1
75,19.417,-99.166,931,-0.18,0.12,1,-0.21,0.1,1,-0.19,0.1,1,-0.22,0.08,1,-0.21,0.09,1,-0.18,0.07,1,-0.17,0.05,1,-0.19,0.08,1
76,19.411,-99.171,914,-0.28,0.12,3,-0.41,0.1,3,-0.39,0.08,3,-0.42,0.08,3,-0.38,0.08,3,-0.25,0.07,3,-0.2,0.07,1,-0.33,0.08,3
77,19.407,-99.172,1917,-0.34,0.17,3,-0.3,0.22,3,-0.31,0.18,3,-0.31,0.21,3,-0.27,0.24,3,-0.24,0.15,1,-0.27,0.12,3,-0.29,0.18,3
78,19.408,-99.169,979,-0.21,0.14,1,-0.22,0.14,1,-0.2,0.14,1,-0.19,0.13,1,-0.17,0.15,1,-0.19,0.13,1,-0.21,0.08,1,-0.19,0.13,1
79,19.408,-99.174,1039,-0.29,0.17,3,-0.38,0.18,3,-0.35,0.17,3,-0.37,0.15,3,-0.35,0.13,3,-0.21,0.1,1,-0.2,0.09,1,-0.3,0.14,3
80,19.422,-99.161,989,-0.15,0.15,6,-0.17,0.14,1,-0.16,0.15,1,-0.17,0.14,1,-0.14,0.15,1,-0.12,0.15,1,-0.12,0.18,1,-0.14,0.15,1
81,19.417,-99.176,1040,-0.14,0.07,1,-0.13,0.08,1,-0.13,0.07,1,-0.12,0.07,1,-0.11,0.07,1,-0.09,0.07,1,-0.11,0.06,1,-0.11,0.07,1
82,19.412,-99.178,931,-0.43,0.15,3,-0.43,0.13,3,-0.44,0.11,3,-0.45,0.12,3,-0.44,0.11,3,-0.31,0.09,3,-0.26,0.09,3,-0.39,0.11,3
83,19.422,-99.164,979,-0.34,0.09,3,-0.37,0.1,3,-0.38,0.1,3,-0.33,0.1,3,-0.32,0.1,3,-0.2,0.11,1,-0.2,0.11,1,-0.3,0.1,3
84,19.415,-99.178,968,-0.55,0.22,3,-0.6,0.19,3,-0.57,0.18,3,-0.6,0.17,3,-0.58,0.16,3,-0.44,0.17,3,-0.42,0.17,3,-0.53,0.18,3
85,19.419,-99.17,968,-0.09,0.22,1,-0.1,0.21,1,-0.09,0.23,1,-0.09,0.19,1,-0.07,0.28,2,-0.07,0.26,2,-0.05,0.25,2,-0.08,0.23,1
86,19.419,-99.177,810,-0.11,0.29,2,-0.09,0.29,2,-0.09,0.29,2,-0.09,0.3,2,-0.08,0.32,2,-0.11,0.26,2,-0.09,0.27,2,-0.09,0.28,2
87,19.414,-99.177,989,-0.08,0.12,1,-0.06,0.12,1,-0.06,0.12,1,-0.06,0.12,1,-0.05,0.13,1,-0.07,0.11,1,-0.06,0.12,1,-0.06,0.12,1
88,19.394,-99.172,881,-0.13,0.09,1,-0.11,0.12,1,-0.09,0.12,1,-0.08,0.13,1,-0.07,0.17,1,-0.08,0.19,1,-0.06,0.2,1,-0.08,0.14,1
89,19.411,-99.17,1008,-0.12,0.11,1,-0.13,0.1,1,-0.13,0.11,1,-0.13,0.1,1,-0.13,0.12,1,-0.07,0.12,1,-0.06,0.14,1,-0.11,0.11,6
90,19.424,-99.156,992,-0.14,0.09,1,-0.16,0.1,1,-0.16,0.11,1,-0.16,0.09,1,-0.14,0.1,1,-0.11,0.11,6,-0.09,0.15,1,-0.13,0.1,1
91,19.428,-99.134,1009,-0.23,0.19,1,-0.2,0.19,1,-0.18,0.24,1,-0.19,0.22,1,-0.17,0.29,2,-0.12,0.39,2,-0.11,0.54,2,-0.17,0.29,2
92,19.427,-99.135,989,-0.25,0.23,3,-0.16,0.26,2,-0.13,0.28,2,-0.15,0.24,1,-0.14,0.27,2,-0.12,0.22,1,-0.1,0.28,2,-0.15,0.25,2
93,19.428,-99.139,982,-0.2,0.44,2,-0.24,0.46,2,-0.24,0.44,2,-0.21,0.46,2,-0.18,0.49,2,-0.22,0.43,2,-0.19,0.51,2,-0.21,0.46,2
94,19.429,-99.133,930,-0.36,0.31,4,-0.44,0.31,4,-0.42,0.3,4,-0.42,0.31,4,-0.38,0.33,4,-0.16,0.32,2,-0.1,0.42,2,-0.32,0.32,6
95,19.43,-99.146,1001,-0.15,0.17,1,-0.17,0.19,1,-0.16,0.16,6,-0.17,0.17,6,-0.15,0.17,1,-0.11,0.17,1,-0.09,0.23,1,-0.14,0.18,1
96,19.427,-99.15,825,-0.13,0.09,1,-0.14,0.08,1,-0.14,0.08,1,-0.14,0.09,1,-0.11,0.1,1,-0.05,0.1,1,-0.06,0.12,1,-0.11,0.09,1
97,19.426,-99.146,1012,-0.24,0.17,1,-0.27,0.19,3,-0.27,0.18,3,-0.26,0.18,3,-0.22,0.15,1,-0.13,0.16,1,-0.14,0.2,1,-0.21,0.17,1
98,19.435,-99.15,1984,-0.27,0.15,3,-0.25,0.14,3,-0.25,0.13,3,-0.26,0.14,3,-0.29,0.14,3,-0.13,0.16,1,-0.07,0.19,1,-0.21,0.15,1
99,19.437,-99.135,1007,-0.15,0.08,1,-0.16,0.09,1,-0.17,0.07,1,-0.16,0.07,1,-0.15,0.08,1,-0.09,0.08,1,-0.1,0.1,6,-0.14,0.08,1
100,19.437,-99.138,979,-0.68,0.18,3,-0.77,0.14,3,-0.76,0.1,3,-0.75,0.11,3,-0.75,0.12,3,-0.44,0.12,3,-0.35,0.1,3,-0.64,0.12,3
101,19.433,-99.152,988,-0.29,0.11,3,-0.32,0.09,3,-0.33,0.09,3,-0.33,0.12,3,-0.33,0.11,3,-0.16,0.11,1,-0.12,0.12,6,-0.26,0.1,3
102,19.437,-99.14,1011,-0.4,0.21,3,-0.45,0.18,3,-0.49,0.16,3,-0.46,0.2,3,-0.42,0.2,3,-0.2,0.22,1,-0.17,0.22,1,-0.37,0.19,3
103,19.434,-99.135,529,-0.6,0.33,4,-0.68,0.34,4,-0.65,0.28,4,-0.7,0.31,4,-0.66,0.24,3,-0.36,0.26,4,-0.31,0.26,4,-0.56,0.28,4
104,19.432,-99.159,1996,-0.43,0.14,3,-0.47,0.14,3,-0.46,0.15,3,-0.46,0.13,3,-0.46,0.13,3,-0.28,0.15,3,-0.21,0.15,1,-0.39,0.14,3
105,19.425,-99.137,173,-0.12,0.1,1,-0.11,0.04,1,-0.15,0.04,1,-0.1,0.06,1,-0.1,0.07,1,-0.09,0.07,1,-0.08,0.05,1,-0.1,0.06,1
106,19.43,-99.154,1009,-0.48,0.3,4,-0.52,0.28,4,-0.52,0.29,4,-0.5,0.28,4,-0.47,0.31,4,-0.26,0.32,5,-0.25,0.28,5,-0.42,0.29,4
107,19.424,-99.153,1011,-0.44,0.23,3,-0.51,0.19,3,-0.54,0.18,3,-0.53,0.17,3,-0.48,0.15,3,-0.2,0.11,1,-0.15,0.13,1,-0.4,0.16,3
108,19.438,-99.155,1053,-0.59,0.1,3,-0.63,0.09,3,-0.66,0.09,3,-0.66,0.09,3,-0.65,0.07,3,-0.47,0.09,3,-0.38,0.1,3,-0.57,0.09,3
109,19.435,-99.148,1012,-0.26,0.21,3,-0.22,0.24,1,-0.21,0.24,1,-0.23,0.25,2,-0.21,0.31,2,-0.21,0.22,1,-0.18,0.24,1,-0.21,0.24,1
110,19.427,-99.169,1072,-0.14,0.24,1,-0.14,0.26,2,-0.11,0.26,2,-0.11,0.27,2,-0.1,0.29,2,-0.1,0.11,1,-0.11,0.11,6,-0.11,0.22,1
111,19.427,-99.167,964,-0.17,0.25,2,-0.16,0.23,1,-0.14,0.26,2,-0.17,0.27,2,-0.13,0.33,2,-0.15,0.16,1,-0.18,0.11,1,-0.15,0.23,1
112,19.429,-99.157,1050,-0.31,0.5,5,-0.31,0.55,5,-0.31,0.55,5,-0.3,0.54,5,-0.24,0.57,2,-0.17,0.2,1,-0.24,0.16,1,-0.26,0.43,5
113,19.429,-99.163,2115,-0.58,0.35,4,-0.61,0.37,4,-0.63,0.37,4,-0.64,0.39,4,-0.66,0.38,4,-0.42,0.19,3,-0.29,0.15,3,-0.54,0.31,4
114,19.43,-99.169,986,-0.19,0.62,2,-0.19,0.69,2,-0.15,0.71,2,-0.14,0.68,2,-0.1,0.66,2,-0.12,0.45,2,-0.15,0.31,2,-0.14,0.58,2
115,19.436,-99.158,1012,-0.19,0.16,1,-0.2,0.16,1,-0.2,0.19,1,-0.19,0.2,1,-0.18,0.24,1,-0.17,0.13,1,-0.16,0.1,1,-0.18,0.16,1
116,19.438,-99.166,1041,-0.16,0.22,1,-0.15,0.23,1,-0.12,0.24,1,-0.12,0.24,1,-0.12,0.27,2,-0.11,0.17,1,-0.12,0.14,1,-0.12,0.21,1
117,19.441,-99.152,987,-0.12,0.17,1,-0.1,0.18,1,-0.09,0.17,1,-0.09,0.19,1,-0.08,0.2,1,-0.09,0.15,1,-0.09,0.11,1,-0.09,0.16,1
118,19.441,-99.153,1010,-0.15,0.04,1,-0.16,0.04,1,-0.17,0.04,1,-0.17,0.04,1,-0.14,0.04,1,-0.06,0.03,1,-0.06,0.03,1,-0.13,0.03,1
119,19.437,-99.162,1018,-0.34,0.06,3,-0.34,0.08,3,-0.36,0.08,3,-0.36,0.07,3,-0.3,0.09,3,-0.21,0.07,1,-0.17,0.08,1,-0.29,0.07,3
120,19.442,-99.152,992,-0.18,0.05,1,-0.21,0.05,1,-0.22,0.04,1,-0.22,0.03,1,-0.18,0.04,1,-0.14,0.03,1,-0.1,0.02,1,-0.17,0.03,1
121,19.425,-99.175,1047,-0.51,0.1,3,-0.52,0.1,3,-0.53,0.09,3,-0.49,0.1,3,-0.43,0.14,3,-0.29,0.17,3,-0.25,0.14,3,-0.43,0.12,3
122,19.439,-99.16,950,-0.1,0.42,2,-0.09,0.48,2,-0.07,0.47,2,-0.07,0.47,2,-0.08,0.5,2,-0.08,0.35,2,-0.12,0.25,2,-0.08,0.42,2
123,19.43,-99.16,979,-0.21,0.23,1,-0.19,0.17,1,-0.16,0.22,1,-0.17,0.25,2,-0.16,0.31,2,-0.13,0.23,1,-0.15,0.14,1,-0.16,0.22,1
124,19.443,-99.153,1046,-0.05,0.13,1,-0.03,0.14,1,-0.03,0.16,1,-0.03,0.16,1,-0.03,0.18,1,-0.03,0.12,1,-0.04,0.1,1,-0.03,0.14,1
125,19.425,-99.164,959,-0.07,0.22,1,-0.05,0.28,2,-0.04,0.25,2,-0.06,0.26,2,-0.04,0.26,2,-0.07,0.17,1,-0.07,0.12,1,-0.05,0.22,1
126,19.432,-99.162,953,-0.28,0.46,5,-0.23,0.48,2,-0.19,0.52,2,-0.22,0.51,2,-0.17,0.56,2,-0.17,0.45,2,-0.2,0.33,2,-0.2,0.47,2
127,19.431,-99.167,982,-0.18,0.63,2,-0.14,0.66,2,-0.12,0.69,2,-0.13,0.7,2,-0.12,0.73,2,-0.17,0.59,2,-0.16,0.53,2,-0.14,0.64,2
128,19.421,-99.156,996,-0.24,0.25,2,-0.23,0.23,6,-0.22,0.21,1,-0.24,0.26,2,-0.18,0.29,2,-0.14,0.29,2,-0.15,0.22,1,-0.2,0.25,2
129,19.415,-99.155,984,-0.36,0.22,3,-0.39,0.26,4,-0.38,0.24,3,-0.42,0.24,3,-0.36,0.23,3,-0.18,0.22,1,-0.2,0.18,1,-0.32,0.22,3
130,19.412,-99.158,976,-0.14,0.44,2,-0.11,0.51,2,-0.1,0.5,2,-0.1,0.52,2,-0.13,0.57,2,-0.1,0.46,2,-0.1,0.43,2,-0.11,0.49,2
131,19.444,-99.152,2011,-0.12,0.19,1,-0.13,0.22,1,-0.12,0.23,1,-0.14,0.22,1,-0.12,0.2,1,-0.06,0.12,1,-0.05,0.09,1,-0.1,0.18,1
132,19.43,-99.171,988,-0.14,0.41,2,-0.12,0.45,2,-0.09,0.47,2,-0.09,0.47,2,-0.12,0.49,2,-0.15,0.38,2,-0.15,0.3,2,-0.12,0.42,2
133,19.419,-99.157,992,-0.22,0.22,6,-0.19,0.24,1,-0.18,0.27,2,-0.21,0.27,2,-0.17,0.34,2,-0.13,0.31,2,-0.13,0.26,2,-0.17,0.27,2
134,19.416,-99.162,842,-0.34,0.19,3,-0.34,0.25,4,-0.36,0.18,3,-0.35,0.22,3,-0.34,0.2,3,-0.21,0.17,1,-0.21,0.14,1,-0.3,0.19,3
135,19.41,-99.184,963,-0.14,0.22,1,-0.11,0.27,2,-0.1,0.3,2,-0.1,0.32,2,-0.1,0.33,2,-0.11,0.24,1,-0.11,0.21,1,-0.1,0.27,2
136,19.413,-99.183,989,-0.23,0.12,1,-0.21,0.13,1,-0.2,0.13,1,-0.19,0.15,1,-0.19,0.15,1,-0.17,0.14,1,-0.16,0.14,1,-0.19,0.13,1
137,19.428,-99.199,992,-0.23,0.51,2,-0.21,0.47,2,-0.19,0.5,2,-0.18,0.55,2,-0.18,0.61,2,-0.14,0.56,2,-0.17,0.46,2,-0.18,0.52,2
138,19.433,-99.206,961,-0.13,0.36,2,-0.11,0.35,2,-0.12,0.37,2,-0.11,0.43,2,-0.1,0.46,2,-0.09,0.39,2,-0.12,0.32,2,-0.11,0.38,2
139,19.436,-99.192,983,-0.24,0.14,1,-0.23,0.15,1,-0.22,0.17,1,-0.23,0.2,1,-0.2,0.17,1,-0.2,0.13,1,-0.16,0.13,1,-0.21,0.15,1
140,19.438,-99.197,993,-0.34,0.24,3,-0.34,0.29,4,-0.34,0.23,3,-0.34,0.25,4,-0.31,0.23,3,-0.24,0.16,1,-0.23,0.15,1,-0.3,0.22,3
141,19.432,-99.181,962,-0.27,0.21,3,-0.22,0.24,1,-0.22,0.26,2,-0.22,0.28,2,-0.2,0.27,2,-0.16,0.23,1,-0.12,0.23,1,-0.2,0.24,1
142,19.408,-99.155,836,-0.06,0.06,6,-0.05,0.07,1,-0.05,0.08,1,-0.05,0.08,1,-0.05,0.08,1,-0.05,0.08,1,-0.05,0.06,1,-0.05,0.07,1
143,19.435,-99.183,994,-0.31,0.17,3,-0.27,0.2,3,-0.24,0.21,1,-0.27,0.22,3,-0.23,0.23,6,-0.16,0.25,2,-0.11,0.35,2,-0.22,0.23,1
144,19.431,-99.196,979,-0.26,0.19,3,-0.23,0.19,1,-0.21,0.18,1,-0.25,0.18,3,-0.22,0.19,1,-0.15,0.11,1,-0.12,0.12,6,-0.2,0.16,1
145,19.433,-99.196,837,-0.27,0.23,3,-0.21,0.25,2,-0.21,0.27,2,-0.19,0.25,2,-0.16,0.26,2,-0.13,0.24,1,-0.11,0.22,1,-0.18,0.24,1
146,19.434,-99.188,2007,-0.15,0.15,6,-0.14,0.15,1,-0.14,0.16,1,-0.15,0.15,6,-0.13,0.16,1,-0.09,0.18,1,-0.1,0.13,1,-0.12,0.15,1
147,19.417,-99.157,955,-0.43,0.28,4,-0.48,0.32,4,-0.48,0.26,4,-0.46,0.28,4,-0.46,0.27,4,-0.3,0.24,3,-0.24,0.24,6,-0.4,0.27,4
148,19.431,-99.203,1028,-0.27,0.18,3,-0.24,0.18,1,-0.27,0.14,3,-0.24,0.16,1,-0.27,0.17,3,-0.18,0.16,1,-0.21,0.12,1,-0.24,0.15,1
149,19.43,-99.194,931,-0.22,0.08,1,-0.28,0.06,3,-0.28,0.07,3,-0.25,0.07,3,-0.24,0.06,1,-0.18,0.08,1,-0.18,0.07,1,-0.23,0.07,1
150,19.437,-99.208,930,-0.33,0.16,3,-0.39,0.12,3,-0.42,0.09,3,-0.43,0.08,3,-0.41,0.1,3,-0.3,0.05,3,-0.26,0.07,3,-0.36,0.09,3
151,19.434,-99.203,862,-0.28,0.2,3,-0.34,0.23,3,-0.34,0.22,3,-0.34,0.17,3,-0.31,0.19,3,-0.19,0.15,1,-0.19,0.14,1,-0.28,0.18,3
152,19.432,-99.188,1039,-0.29,0.15,3,-0.35,0.09,3,-0.34,0.09,3,-0.35,0.11,3,-0.32,0.09,3,-0.25,0.09,3,-0.23,0.07,1,-0.3,0.09,3
153,19.441,-99.196,1031,-0.42,0.12,3,-0.45,0.12,3,-0.43,0.1,3,-0.46,0.15,3,-0.44,0.1,3,-0.23,0.17,1,-0.24,0.08,1,-0.38,0.12,3
154,19.426,-99.191,1053,-0.38,0.18,3,-0.46,0.13,3,-0.46,0.12,3,-0.46,0.11,3,-0.47,0.1,3,-0.22,0.09,1,-0.15,0.08,1,-0.37,0.11,3
155,19.442,-99.2,254,-0.27,0.24,3,-0.26,0.21,3,-0.24,0.23,1,-0.25,0.28,5,-0.27,0.22,3,-0.15,0.14,1,-0.15,0.15,6,-0.22,0.2,1
156,19.425,-99.185,837,-0.5,0.06,3,-0.55,0.08,3,-0.54,0.06,3,-0.56,0.08,3,-0.54,0.05,3,-0.28,0.08,3,-0.24,0.05,1,-0.45,0.06,3
157,19.425,-99.159,1035,-0.45,0.24,3,-0.54,0.2,3,-0.56,0.17,3,-0.51,0.16,3,-0.56,0.15,3,-0.38,0.14,3,-0.35,0.13,3,-0.47,0.17,3
158,19.414,-99.158,940,-0.35,0.2,3,-0.45,0.16,3,-0.44,0.16,3,-0.43,0.16,3,-0.46,0.12,3,-0.36,0.09,3,-0.29,0.1,3,-0.39,0.14,3
159,19.41,-99.164,929,-0.29,0.21,3,-0.32,0.2,3,-0.3,0.19,3,-0.31,0.19,3,-0.26,0.18,3,-0.11,0.19,1,-0.13,0.16,1,-0.24,0.18,1
160,19.406,-99.165,899,-0.32,0.2,3,-0.36,0.22,3,-0.36,0.2,3,-0.33,0.19,3,-0.3,0.15,3,-0.2,0.16,1,-0.23,0.15,1,-0.3,0.18,3
161,19.428,-99.161,1039,-0.18,0.14,1,-0.24,0.12,1,-0.25,0.11,3,-0.26,0.1,3,-0.25,0.09,3,-0.22,0.07,1,-0.16,0.06,1,-0.22,0.09,1
162,19.402,-99.156,1162,-0.23,0.08,1,-0.24,0.07,1,-0.24,0.08,1,-0.22,0.06,1,-0.23,0.07,1,-0.18,0.06,1,-0.17,0.06,1,-0.21,0.06,1
163,19.423,-99.17,984,-0.21,0.07,1,-0.23,0.08,1,-0.27,0.08,3,-0.26,0.07,3,-0.25,0.06,3,-0.17,0.06,1,-0.18,0.06,1,-0.22,0.06,1
164,19.427,-99.158,913,-0.38,0.15,3,-0.42,0.17,3,-0.44,0.12,3,-0.48,0.11,3,-0.39,0.12,3,-0.3,0.1,3,-0.32,0.14,3,-0.38,0.13,3
165,19.418,-99.16,923,-0.27,0.14,3,-0.33,0.13,3,-0.33,0.13,3,-0.34,0.12,3,-0.33,0.1,3,-0.24,0.07,1,-0.23,0.08,1,-0.29,0.1,3
166,19.424,-99.166,939,-0.44,0.22,3,-0.5,0.2,3,-0.51,0.2,3,-0.51,0.2,3,-0.47,0.18,3,-0.38,0.14,3,-0.36,0.13,3,-0.45,0.18,3
167,19.404,-99.161,930,-0.32,0.16,3,-0.42,0.17,3,-0.45,0.12,3,-0.41,0.09,3,-0.45,0.1,3,-0.31,0.09,3,-0.27,0.08,3,-0.37,0.11,3
168,19.404,-99.171,814,-0.29,0.14,3,-0.31,0.13,3,-0.32,0.13,3,-0.31,0.15,3,-0.3,0.12,3,-0.26,0.09,3,-0.25,0.09,3,-0.29,0.12,3
169,19.397,-99.165,982,-0.26,0.12,3,-0.3,0.1,3,-0.33,0.08,3,-0.32,0.08,3,-0.32,0.07,3,-0.21,0.06,1,-0.19,0.07,1,-0.27,0.08,3
170,19.42,-99.173,993,-0.58,0.18,3,-0.67,0.12,3,-0.67,0.12,3,-0.68,0.1,3,-0.63,0.1,3,-0.19,0.11,1,-0.17,0.09,1,-0.51,0.11,3
171,19.407,-99.163,950,-0.45,0.14,3,-0.43,0.12,3,-0.4,0.14,3,-0.41,0.13,3,-0.38,0.11,3,-0.33,0.13,3,-0.36,0.15,3,-0.39,0.13,3
172,19.4,-99.178,923,-0.81,0.5,4,-0.84,0.38,4,-0.86,0.39,4,-0.86,0.33,4,-0.83,0.43,4,-0.32,0.37,5,-0.19,0.34,2,-0.67,0.39,4
173,19.42,-99.161,987,-0.32,0.15,3,-0.42,0.12,3,-0.38,0.14,3,-0.39,0.11,3,-0.39,0.12,3,-0.29,0.13,3,-0.25,0.1,3,-0.34,0.12,3
174,19.426,-99.165,792,-0.19,0.11,1,-0.21,0.09,1,-0.23,0.09,1,-0.22,0.07,1,-0.21,0.09,1,-0.17,0.07,1,-0.15,0.05,1,-0.19,0.08,1
175,19.415,-99.175,990,-0.5,0.27,4,-0.47,0.31,4,-0.44,0.3,4,-0.43,0.29,4,-0.47,0.31,4,-0.45,0.21,3,-0.47,0.18,3,-0.46,0.26,4
176,19.415,-99.172,981,-0.26,0.13,3,-0.26,0.13,3,-0.27,0.13,3,-0.26,0.09,3,-0.26,0.11,3,-0.21,0.11,1,-0.23,0.1,1,-0.25,0.11,3
177,19.401,-99.172,969,-0.34,0.18,3,-0.46,0.15,3,-0.43,0.12,3,-0.41,0.16,3,-0.44,0.08,3,-0.3,0.1,3,-0.23,0.11,1,-0.37,0.12,3
178,19.413,-99.155,891,-0.35,0.17,3,-0.35,0.17,3,-0.35,0.18,3,-0.36,0.18,3,-0.31,0.22,3,-0.3,0.17,3,-0.33,0.14,3,-0.33,0.17,3
179,19.409,-99.182,978,-0.7,0.13,3,-0.77,0.12,3,-0.79,0.1,3,-0.78,0.12,3,-0.72,0.12,3,-0.58,0.12,3,-0.49,0.13,3,-0.69,0.12,3
180,19.406,-99.184,927,-0.22,0.21,1,-0.23,0.22,1,-0.17,0.27,2,-0.2,0.24,1,-0.24,0.22,1,-0.18,0.13,1,-0.16,0.15,1,-0.2,0.2,6
181,19.439,-99.208,1050,-0.29,0.2,3,-0.34,0.16,3,-0.34,0.19,3,-0.29,0.18,3,-0.3,0.17,3,-0.3,0.14,3,-0.32,0.12,3,-0.31,0.16,3
182,19.402,-99.176,949,-0.31,0.08,3,-0.33,0.09,3,-0.33,0.11,3,-0.33,0.09,3,-0.33,0.08,3,-0.19,0.13,1,-0.17,0.14,1,-0.28,0.1,3
183,19.422,-99.162,918,-0.2,0.06,1,-0.24,0.06,1,-0.24,0.06,1,-0.24,0.06,1,-0.21,0.06,1,-0.16,0.06,1,-0.13,0.07,1,-0.2,0.06,1
184,19.423,-99.158,971,-0.26,0.07,3,-0.31,0.08,3,-0.31,0.08,3,-0.31,0.08,3,-0.31,0.06,3,-0.18,0.09,1,-0.16,0.13,1,-0.26,0.08,3
185,19.405,-99.17,970,-0.32,0.06,3,-0.37,0.05,3,-0.39,0.05,3,-0.39,0.05,3,-0.36,0.06,3,-0.26,0.07,3,-0.19,0.07,1,-0.32,0.05,3
186,19.44,-99.187,963,-0.29,0.1,3,-0.4,0.1,3,-0.36,0.1,3,-0.38,0.09,3,-0.33,0.09,3,-0.23,0.11,1,-0.19,0.1,1,-0.31,0.09,3
187,19.405,-99.179,913,-0.39,0.07,3,-0.44,0.07,3,-0.47,0.06,3,-0.45,0.06,3,-0.42,0.06,3,-0.3,0.07,3,-0.27,0.08,3,-0.39,0.06,3
188,19.438,-99.193,999,-0.62,0.11,3,-0.59,0.09,3,-0.6,0.08,3,-0.57,0.14,3,-0.59,0.09,3,-0.27,0.16,3,-0.19,0.54,2,-0.49,0.17,3
189,19.438,-99.189,924,-0.24,0.32,2,-0.21,0.45,2,-0.17,0.46,2,-0.19,0.41,2,-0.17,0.39,2,-0.15,0.43,2,-0.25,0.48,5,-0.19,0.42,2
190,19.44,-99.21,986,-0.27,0.16,3,-0.19,0.35,2,-0.2,0.34,2,-0.19,0.3,2,-0.15,0.3,2,-0.13,0.36,2,-0.24,0.41,2,-0.19,0.31,2
191,19.426,-99.204,977,-0.3,0.46,5,-0.31,0.49,5,-0.28,0.5,5,-0.27,0.53,5,-0.33,0.34,5,-0.2,0.15,1,-0.22,0.14,1,-0.27,0.37,5
192,19.443,-99.191,620,-0.33,0.59,5,-0.31,0.61,5,-0.23,0.64,2,-0.25,0.61,5,-0.24,0.54,2,-0.09,0.37,2,-0.08,0.41,2,-0.21,0.53,2
193,19.434,-99.206,845,-0.23,0.4,2,-0.19,0.44,2,-0.16,0.47,2,-0.13,0.46,2,-0.14,0.4,2,-0.07,0.2,1,-0.08,0.24,1,-0.14,0.37,2
194,19.406,-99.167,981,-0.15,0.28,2,-0.12,0.32,2,-0.11,0.33,2,-0.1,0.32,2,-0.12,0.25,2,-0.09,0.07,1,-0.09,0.08,1,-0.11,0.23,1
195,19.428,-99.208,977,-0.16,0.32,2,-0.15,0.36,2,-0.16,0.34,2,-0.17,0.33,2,-0.17,0.24,1,-0.16,0.06,1,-0.15,0.06,1,-0.16,0.24,1
196,19.429,-99.207,1946,-0.17,0.47,2,-0.16,0.5,2,-0.12,0.52,2,-0.13,0.51,2,-0.13,0.51,2,-0.18,0.11,1,-0.17,0.11,1,-0.15,0.38,2
197,19.427,-99.213,981,-0.25,0.46,5,-0.22,0.49,2,-0.2,0.52,2,-0.17,0.49,2,-0.18,0.42,2,-0.14,0.2,1,-0.14,0.2,1,-0.18,0.39,2
198,19.398,-99.167,845,-0.25,0.31,5,-0.26,0.37,5,-0.26,0.36,5,-0.25,0.35,5,-0.24,0.33,2,-0.19,0.11,1,-0.15,0.1,1,-0.22,0.27,2
199,19.396,-99.161,990,-0.6,0.19,3,-0.58,0.17,3,-0.61,0.16,3,-0.56,0.18,3,-0.55,0.13,3,-0.3,0.09,3,-0.29,0.1,3,-0.49,0.14,3
200,19.401,-99.164,892,-0.19,0.5,2,-0.14,0.56,2,-0.15,0.54,2,-0.15,0.57,2,-0.12,0.52,2,-0.12,0.27,2,-0.14,0.21,1,-0.14,0.45,2
201,19.399,-99.161,920,-0.29,0.66,5,-0.24,0.68,2,-0.25,0.67,5,-0.24,0.67,2,-0.22,0.63,2,-0.13,0.48,2,-0.13,0.46,2,-0.21,0.6,2
202,19.391,-99.159,989,-0.15,0.68,2,-0.13,0.72,2,-0.1,0.72,2,-0.12,0.72,2,-0.1,0.7,2,-0.15,0.3,2,-0.15,0.27,2,-0.12,0.58,2
203,19.418,-99.175,968,-0.68,0.25,4,-0.72,0.22,3,-0.7,0.26,4,-0.7,0.2,3,-0.67,0.2,3,-0.44,0.14,3,-0.38,0.12,3,-0.61,0.19,3
204,19.429,-99.154,916,-0.24,0.33,2,-0.23,0.38,2,-0.23,0.36,2,-0.18,0.4,2,-0.19,0.29,2,-0.12,0.15,1,-0.13,0.17,1,-0.18,0.29,2
205,19.388,-99.161,970,-0.44,0.07,3,-0.45,0.07,3,-0.44,0.09,3,-0.45,0.11,3,-0.4,0.06,3,-0.22,0.07,1,-0.17,0.08,1,-0.36,0.07,3
206,19.392,-99.164,971,-0.72,0.19,3,-0.76,0.18,3,-0.74,0.14,3,-0.75,0.13,3,-0.71,0.11,3,-0.45,0.09,3,-0.31,0.09,3,-0.63,0.13,3
207,19.428,-99.17,990,-0.5,0.37,4,-0.53,0.45,4,-0.5,0.43,4,-0.51,0.4,4,-0.47,0.36,4,-0.27,0.21,3,-0.29,0.2,3,-0.43,0.34,4
208,19.428,-99.191,968,-0.23,0.35,2,-0.23,0.41,2,-0.24,0.43,2,-0.22,0.38,2,-0.26,0.21,3,-0.14,0.05,1,-0.14,0.05,1,-0.2,0.26,2
209,19.386,-99.161,981,-0.2,0.46,2,-0.19,0.53,2,-0.16,0.53,2,-0.15,0.53,2,-0.19,0.42,2,-0.1,0.2,1,-0.1,0.24,1,-0.15,0.41,2
210,19.412,-99.19,985,-0.25,0.37,5,-0.2,0.42,2,-0.21,0.4,2,-0.22,0.38,2,-0.26,0.26,6,-0.17,0.16,1,-0.18,0.15,1,-0.21,0.3,2
211,19.394,-99.162,982,-0.29,0.4,5,-0.24,0.44,2,-0.22,0.44,2,-0.21,0.45,2,-0.2,0.39,2,-0.15,0.3,2,-0.13,0.41,2,-0.2,0.4,2
212,19.41,-99.188,982,-0.19,0.76,2,-0.12,0.8,2,-0.14,0.79,2,-0.11,0.78,2,-0.11,0.73,2,-0.15,0.52,2,-0.14,0.47,2,-0.13,0.69,2
213,19.43,-99.178,991,-0.27,0.53,5,-0.31,0.57,5,-0.3,0.55,5,-0.26,0.55,5,-0.26,0.49,5,-0.2,0.38,2,-0.21,0.28,2,-0.25,0.47,5
214,19.435,-99.146,973,-0.29,0.5,5,-0.31,0.5,5,-0.28,0.47,5,-0.27,0.47,5,-0.29,0.35,5,-0.12,0.05,1,-0.1,0.06,1,-0.23,0.34,2
215,19.434,-99.173,982,-0.18,0.33,2,-0.17,0.42,2,-0.18,0.36,2,-0.17,0.38,2,-0.23,0.21,1,-0.09,0.07,1,-0.1,0.08,1,-0.16,0.26,2
216,19.438,-99.177,972,-0.17,0.37,2,-0.16,0.41,2,-0.15,0.42,2,-0.15,0.4,2,-0.17,0.31,2,-0.11,0.16,1,-0.11,0.22,1,-0.14,0.32,2
217,19.434,-99.147,957,-0.42,0.61,5,-0.38,0.65,5,-0.41,0.63,5,-0.41,0.63,5,-0.38,0.61,5,-0.27,0.59,5,-0.22,0.7,2,-0.35,0.63,5
218,19.405,-99.175,971,-0.21,0.22,1,-0.23,0.23,6,-0.2,0.23,1,-0.21,0.24,1,-0.2,0.21,1,-0.11,0.16,1,-0.12,0.19,1,-0.18,0.21,1
219,19.434,-99.18,984,-0.28,0.37,5,-0.22,0.44,2,-0.23,0.44,2,-0.23,0.44,2,-0.22,0.36,2,-0.17,0.26,2,-0.18,0.27,2,-0.21,0.36,2
220,19.444,-99.18,961,-0.15,0.39,2,-0.11,0.44,2,-0.12,0.47,2,-0.11,0.47,2,-0.11,0.4,2,-0.09,0.2,1,-0.09,0.23,1,-0.11,0.37,2
221,19.399,-99.157,949,-0.12,0.55,2,-0.12,0.62,2,-0.18,0.61,2,-0.13,0.59,2,-0.12,0.54,2,-0.09,0.14,1,-0.1,0.14,1,-0.12,0.45,2
222,19.446,-99.182,968,-0.34,0.35,5,-0.38,0.41,5,-0.33,0.41,5,-0.34,0.4,5,-0.34,0.34,6,-0.17,0.07,1,-0.13,0.09,1,-0.29,0.29,6
223,19.431,-99.182,982,-0.19,0.25,2,-0.17,0.27,2,-0.18,0.25,2,-0.17,0.25,2,-0.21,0.16,1,-0.1,0.08,1,-0.13,0.09,1,-0.16,0.19,1
224,19.437,-99.18,845,-0.14,0.14,6,-0.12,0.16,1,-0.11,0.16,1,-0.11,0.15,1,-0.13,0.12,1,-0.09,0.1,1,-0.08,0.16,1,-0.11,0.14,1
225,19.437,-99.158,984,-0.24,0.31,2,-0.22,0.4,2,-0.21,0.39,2,-0.19,0.39,2,-0.18,0.35,2,-0.11,0.25,2,-0.1,0.37,2,-0.17,0.35,2
226,19.427,-99.156,967,-0.14,0.37,2,-0.14,0.43,2,-0.11,0.44,2,-0.1,0.42,2,-0.13,0.32,2,-0.09,0.16,1,-0.08,0.4,2,-0.11,0.36,2
227,19.439,-99.181,970,-0.21,0.23,1,-0.2,0.24,1,-0.2,0.24,1,-0.16,0.26,2,-0.19,0.21,1,-0.14,0.2,1,-0.11,0.3,2,-0.17,0.24,1
228,19.433,-99.155,1842,-0.3,0.17,3,-0.32,0.17,3,-0.31,0.15,3,-0.32,0.17,3,-0.27,0.15,3,-0.18,0.11,1,-0.18,0.26,2,-0.26,0.16,3
229,19.438,-99.152,269,-0.17,0.19,1,-0.15,0.16,1,-0.17,0.18,1,-0.15,0.19,1,-0.16,0.14,1,-0.05,0.04,1,-0.05,0.05,6,-0.12,0.13,1
230,19.44,-99.156,268,-0.18,0.13,1,-0.19,0.12,1,-0.19,0.11,1,-0.17,0.11,1,-0.16,0.11,1,-0.06,0.03,1,-0.06,0.03,1,-0.14,0.09,1
231,19.437,-99.154,271,-0.24,0.06,1,-0.24,0.05,1,-0.22,0.05,1,-0.19,0.06,1,-0.18,0.07,1,-0.09,0.08,1,-0.1,0.09,1,-0.18,0.06,1
232,19.432,-99.177,271,-0.28,0.09,3,-0.28,0.09,3,-0.27,0.09,3,-0.22,0.08,1,-0.23,0.12,1,-0.13,0.1,1,-0.1,0.14,1,-0.21,0.1,1
233,19.442,-99.184,919,-0.11,0.48,2,-0.1,0.52,2,-0.08,0.52,2,-0.08,0.51,2,-0.08,0.44,2,-0.08,0.08,6,-0.08,0.11,1,-0.08,0.38,2
234,19.441,-99.162,975,-0.16,0.21,1,-0.13,0.25,2,-0.14,0.24,1,-0.13,0.25,2,-0.14,0.21,1,-0.08,0.13,1,-0.08,0.14,1,-0.12,0.2,1
235,19.427,-99.194,947,-0.09,0.12,1,-0.09,0.13,1,-0.09,0.13,1,-0.08,0.12,1,-0.1,0.1,6,-0.05,0.05,6,-0.06,0.06,6,-0.08,0.1,1
236,19.422,-99.15,964,-0.11,0.65,2,-0.1,0.66,2,-0.08,0.67,2,-0.09,0.69,2,-0.08,0.64,2,-0.05,0.37,2,-0.06,0.35,2,-0.08,0.57,2
237,19.433,-99.144,971,-0.43,0.58,5,-0.38,0.58,5,-0.39,0.52,5,-0.34,0.57,5,-0.38,0.43,5,-0.32,0.19,3,-0.37,0.18,3,-0.37,0.43,5
238,19.437,-99.134,964,-0.13,0.23,1,-0.11,0.25,2,-0.12,0.24,1,-0.11,0.24,1,-0.13,0.17,1,-0.11,0.05,1,-0.1,0.05,1,-0.11,0.17,1
239,19.429,-99.202,839,-0.08,0.08,6,-0.09,0.09,6,-0.09,0.08,1,-0.09,0.07,1,-0.09,0.05,1,-0.07,0.03,1,-0.06,0.03,1,-0.08,0.06,1
240,19.427,-99.137,1024,-0.44,0.63,5,-0.38,0.66,5,-0.41,0.62,5,-0.36,0.66,5,-0.32,0.63,5,-0.3,0.22,3,-0.3,0.2,3,-0.35,0.51,5
241,19.418,-99.163,957,-0.18,0.66,2,-0.18,0.71,2,-0.17,0.71,2,-0.17,0.66,2,-0.18,0.66,2,-0.13,0.14,1,-0.15,0.12,1,-0.16,0.52,2
242,19.438,-99.164,966,-0.15,0.31,2,-0.15,0.34,2,-0.13,0.34,2,-0.14,0.33,2,-0.14,0.28,2,-0.11,0.05,1,-0.1,0.06,1,-0.13,0.24,1
243,19.431,-99.134,1028,-0.25,0.4,5,-0.23,0.46,2,-0.22,0.47,2,-0.22,0.44,2,-0.25,0.38,5,-0.18,0.13,1,-0.16,0.13,1,-0.21,0.34,2
244,19.42,-99.176,978,-0.18,0.57,2,-0.19,0.57,2,-0.17,0.59,2,-0.21,0.58,2,-0.18,0.54,2,-0.09,0.14,1,-0.1,0.16,1,-0.16,0.45,2
245,19.413,-99.172,986,-0.12,0.16,1,-0.12,0.18,1,-0.13,0.17,1,-0.12,0.17,1,-0.14,0.12,1,-0.11,0.04,1,-0.11,0.05,1,-0.12,0.12,6
246,19.432,-99.14,979,-0.15,0.43,2,-0.13,0.47,2,-0.15,0.44,2,-0.17,0.42,2,-0.18,0.38,2,-0.14,0.11,1,-0.11,0.18,1,-0.14,0.34,2
247,19.431,-99.16,961,-0.2,0.48,2,-0.15,0.56,2,-0.18,0.55,2,-0.14,0.55,2,-0.13,0.55,2,-0.11,0.27,2,-0.1,0.3,2,-0.14,0.46,2
248,19.426,-99.171,1047,-0.55,0.18,3,-0.63,0.19,3,-0.66,0.16,3,-0.64,0.13,3,-0.59,0.13,3,-0.3,0.11,3,-0.29,0.08,3,-0.52,0.14,3
249,19.409,-99.177,1050,-0.45,0.08,3,-0.49,0.1,3,-0.52,0.08,3,-0.51,0.07,3,-0.48,0.08,3,-0.26,0.09,3,-0.23,0.08,1,-0.42,0.08,3
250,19.428,-99.167,1014,-0.31,0.08,3,-0.38,0.07,3,-0.36,0.08,3,-0.38,0.08,3,-0.32,0.09,3,-0.22,0.08,1,-0.2,0.08,1,-0.31,0.08,3
251,19.425,-99.171,982,-0.15,0.07,1,-0.16,0.08,1,-0.16,0.08,1,-0.14,0.08,1,-0.15,0.09,1,-0.12,0.07,1,-0.14,0.07,1,-0.14,0.07,1
252,19.434,-99.162,1011,-0.57,0.39,4,-0.66,0.4,4,-0.63,0.36,4,-0.67,0.34,4,-0.57,0.38,4,-0.22,0.4,2,-0.25,0.36,5,-0.51,0.37,4
253,19.425,-99.173,978,-0.28,0.24,3,-0.31,0.26,4,-0.31,0.25,4,-0.3,0.24,3,-0.28,0.26,4,-0.08,0.21,1,-0.08,0.24,1,-0.23,0.24,1
254,19.419,-99.155,1047,-0.23,0.6,2,-0.21,0.64,2,-0.2,0.64,2,-0.18,0.65,2,-0.16,0.6,2,-0.08,0.19,1,-0.11,0.37,2,-0.16,0.52,2
255,19.435,-99.134,985,-0.49,0.34,4,-0.43,0.36,4,-0.4,0.4,6,-0.42,0.35,4,-0.41,0.4,4,-0.3,0.5,5,-0.26,0.66,5,-0.38,0.43,5
256,19.421,-99.155,1049,-0.3,0.07,3,-0.33,0.07,3,-0.35,0.07,3,-0.36,0.06,3,-0.31,0.07,3,-0.18,0.08,1,-0.17,0.06,1,-0.28,0.06,3
257,19.416,-99.16,984,-0.59,0.21,3,-0.63,0.24,3,-0.63,0.16,3,-0.65,0.17,3,-0.58,0.19,3,-0.11,0.11,6,-0.12,0.09,1,-0.47,0.16,3
258,19.437,-99.131,965,-0.53,0.18,3,-0.58,0.19,3,-0.59,0.18,3,-0.6,0.14,3,-0.51,0.18,3,-0.18,0.12,1,-0.16,0.13,1,-0.45,0.16,3
259,19.435,-99.174,250,-0.73,0.71,4,-0.77,0.73,4,-0.78,0.73,4,-0.76,0.59,4,-0.8,0.68,4,-0.19,0.45,2,-0.24,0.35,2,-0.61,0.6,4
260,19.43,-99.181,261,-0.84,0.56,4,-0.85,0.48,4,-0.9,0.61,4,-0.87,0.62,4,-0.83,0.56,4,-0.19,0.42,2,-0.21,0.2,1,-0.67,0.49,4
261,19.354,-99.162,980,-0.55,0.18,3,-0.57,0.16,3,-0.63,0.11,3,-0.63,0.12,3,-0.59,0.15,3,-0.15,0.09,1,-0.11,0.09,1,-0.46,0.12,3
262,19.395,-99.176,236,-0.19,0.12,1,-0.21,0.13,1,-0.21,0.16,1,-0.27,0.17,3,-0.24,0.08,1,-0.08,0.06,1,-0.07,0.05,1,-0.18,0.11,1
263,19.424,-99.161,1020,-0.51,0.33,4,-0.49,0.3,4,-0.51,0.32,4,-0.53,0.31,4,-0.39,0.36,4,-0.27,0.4,5,-0.21,0.46,2,-0.41,0.35,4
264,19.428,-99.177,271,-0.83,0.49,4,-0.84,0.46,4,-0.84,0.43,4,-0.84,0.48,4,-0.79,0.47,4,-0.6,0.1,3,-0.4,0.09,3,-0.73,0.36,4
265,19.429,-99.175,978,-0.81,0.62,4,-0.85,0.63,4,-0.86,0.58,4,-0.84,0.53,4,-0.85,0.54,4,-0.46,0.45,4,-0.3,0.48,5,-0.71,0.54,4
266,19.427,-99.16,265,-0.41,0.38,4,-0.44,0.38,4,-0.5,0.31,4,-0.48,0.32,4,-0.41,0.31,4,-0.11,0.12,1,-0.11,0.14,1,-0.35,0.28,4
267,19.429,-99.18,263,-0.25,0.09,3,-0.2,0.13,1,-0.2,0.15,1,-0.19,0.13,1,-0.18,0.1,1,-0.1,0.08,1,-0.09,0.08,1,-0.17,0.1,1
268,19.433,-99.184,913,-0.18,0.16,1,-0.2,0.16,1,-0.21,0.17,1,-0.2,0.14,1,-0.17,0.12,1,-0.11,0.18,1,-0.1,0.15,1,-0.16,0.15,1
269,19.431,-99.188,820,-0.48,0.34,4,-0.51,0.35,4,-0.5,0.34,4,-0.51,0.3,4,-0.46,0.22,3,-0.28,0.24,3,-0.23,0.28,2,-0.42,0.29,4
270,19.434,-99.2,1017,-0.26,0.12,3,-0.31,0.12,3,-0.32,0.11,3,-0.3,0.09,3,-0.28,0.08,3,-0.22,0.09,1,-0.15,0.11,1,-0.26,0.1,3
271,19.436,-99.199,894,-0.23,0.11,1,-0.23,0.12,1,-0.22,0.12,1,-0.22,0.14,1,-0.21,0.1,1,-0.16,0.13,1,-0.19,0.12,1,-0.2,0.12,1
272,19.439,-99.206,989,-0.43,0.57,5,-0.44,0.57,5,-0.44,0.51,5,-0.41,0.51,5,-0.32,0.57,5,-0.18,0.57,2,-0.14,0.59,2,-0.33,0.55,5
273,19.42,-99.166,1003,-0.24,0.22,1,-0.25,0.24,3,-0.29,0.22,3,-0.28,0.19,3,-0.25,0.17,3,-0.16,0.14,1,-0.15,0.11,1,-0.23,0.18,1
274,19.417,-99.179,1029,-0.18,0.09,1,-0.2,0.09,1,-0.21,0.07,1,-0.22,0.07,1,-0.2,0.06,1,-0.13,0.07,1,-0.11,0.07,1,-0.17,0.07,1
275,19.431,-99.164,1018,-0.34,0.16,3,-0.29,0.16,3,-0.29,0.16,3,-0.28,0.16,3,-0.27,0.19,3,-0.21,0.18,1,-0.21,0.18,1,-0.27,0.17,3
276,19.433,-99.168,1042,-0.08,0.28,2,-0.09,0.26,2,-0.09,0.3,2,-0.06,0.26,2,-0.1,0.22,1,-0.09,0.08,1,-0.11,0.06,1,-0.08,0.2,1
277,19.442,-99.165,989,-0.25,0.07,3,-0.33,0.06,3,-0.35,0.06,3,-0.34,0.05,3,-0.32,0.04,3,-0.21,0.05,1,-0.18,0.06,1,-0.28,0.05,3
278,19.429,-99.164,1043,-0.23,0.04,1,-0.29,0.05,3,-0.3,0.04,3,-0.3,0.05,3,-0.3,0.04,3,-0.18,0.04,1,-0.15,0.05,1,-0.25,0.04,3
279,19.421,-99.171,1042,-0.27,0.06,3,-0.3,0.05,3,-0.31,0.05,3,-0.3,0.04,3,-0.28,0.05,3,-0.18,0.05,1,-0.16,0.05,1,-0.25,0.05,3
280,19.42,-99.174,162,-0.09,0.08,1,-0.12,0.1,1,-0.09,0.06,1,-0.12,0.08,1,-0.12,0.08,1,-0.1,0.06,1,-0.12,0.08,1,-0.1,0.07,1
281,19.424,-99.173,911,-0.08,0.33,2,-0.07,0.34,2,-0.05,0.36,2,-0.07,0.36,2,-0.06,0.34,2,-0.07,0.14,1,-0.08,0.11,1,-0.06,0.28,2
282,19.425,-99.163,894,-0.19,0.3,2,-0.17,0.28,2,-0.15,0.32,2,-0.16,0.29,2,-0.15,0.27,2,-0.16,0.12,1,-0.16,0.11,1,-0.16,0.24,1
283,19.429,-99.185,885,-0.11,0.17,1,-0.12,0.15,1,-0.1,0.16,1,-0.11,0.15,1,-0.1,0.15,1,-0.1,0.13,1,-0.1,0.12,1,-0.1,0.14,1
284,19.432,-99.207,1028,-0.2,0.15,1,-0.22,0.16,1,-0.21,0.17,1,-0.22,0.15,1,-0.21,0.18,1,-0.15,0.12,1,-0.17,0.08,1,-0.19,0.14,1
285,19.441,-99.177,916,-0.3,0.29,4,-0.35,0.31,4,-0.34,0.28,4,-0.33,0.27,4,-0.31,0.27,4,-0.16,0.23,1,-0.17,0.16,1,-0.28,0.25,4
286,19.439,-99.178,821,-0.22,0.13,1,-0.27,0.09,3,-0.27,0.08,3,-0.28,0.06,3,-0.23,0.09,1,-0.16,0.09,1,-0.12,0.08,1,-0.22,0.08,1
287,19.443,-99.152,901,-0.19,0.08,1,-0.23,0.06,1,-0.23,0.07,1,-0.24,0.07,1,-0.2,0.06,1,-0.11,0.06,1,-0.1,0.05,1,-0.18,0.06,1
288,19.441,-99.194,1011,-0.23,0.13,1,-0.29,0.1,3,-0.29,0.08,3,-0.3,0.08,3,-0.28,0.09,3,-0.19,0.09,1,-0.17,0.08,1,-0.25,0.09,3
289,19.433,-99.208,904,-0.1,0.1,6,-0.1,0.09,1,-0.1,0.09,1,-0.1,0.09,1,-0.09,0.11,1,-0.07,0.09,1,-0.1,0.07,1,-0.09,0.09,6
290,19.445,-99.194,1026,-0.19,0.15,1,-0.18,0.14,1,-0.16,0.16,6,-0.19,0.17,1,-0.16,0.13,1,-0.14,0.1,1,-0.15,0.09,1,-0.16,0.13,1
291,19.434,-99.166,758,-0.3,0.58,5,-0.27,0.6,5,-0.26,0.65,5,-0.27,0.59,5,-0.28,0.58,5,-0.2,0.19,1,-0.19,0.12,1,-0.25,0.47,5
292,19.426,-99.203,1032,-0.39,0.67,5,-0.4,0.7,5,-0.41,0.7,5,-0.37,0.71,5,-0.29,0.69,5,-0.12,0.41,2,-0.15,0.26,2,-0.3,0.59,5
293,19.437,-99.187,913,-0.2,0.65,2,-0.15,0.72,2,-0.13,0.7,2,-0.15,0.69,2,-0.12,0.66,2,-0.13,0.28,2,-0.1,0.24,1,-0.14,0.56,2
294,19.434,-99.19,912,-0.14,0.43,2,-0.16,0.45,2,-0.16,0.5,2,-0.16,0.46,2,-0.13,0.45,2,-0.12,0.21,1,-0.12,0.14,1,-0.14,0.37,2
295,19.432,-99.202,1045,-0.16,0.4,2,-0.17,0.45,2,-0.16,0.46,2,-0.17,0.47,2,-0.14,0.47,2,-0.13,0.21,1,-0.1,0.27,2,-0.14,0.39,2
296,19.434,-99.194,1038,-0.17,0.16,1,-0.16,0.22,1,-0.16,0.22,1,-0.14,0.24,1,-0.12,0.2,1,-0.13,0.1,1,-0.1,0.12,1,-0.14,0.18,1
297,19.436,-99.201,906,-0.25,0.08,3,-0.3,0.08,3,-0.3,0.08,3,-0.27,0.08,3,-0.25,0.09,3,-0.18,0.08,1,-0.19,0.08,1,-0.24,0.08,1
298,19.429,-99.197,164,-0.31,0.15,3,-0.28,0.13,3,-0.31,0.1,3,-0.23,0.12,1,-0.31,0.17,3,-0.16,0.1,1,-0.17,0.12,1,-0.25,0.12,3
299,19.429,-99.201,1043,-0.27,0.1,3,-0.34,0.08,3,-0.37,0.08,3,-0.34,0.08,3,-0.33,0.07,3,-0.18,0.09,1,-0.18,0.07,1,-0.28,0.08,3
300,19.431,-99.158,841,-0.34,0.11,3,-0.33,0.09,3,-0.36,0.1,3,-0.32,0.11,3,-0.3,0.1,3,-0.29,0.11,3,-0.27,0.12,3,-0.31,0.1,3
301,19.431,-99.192,883,-0.11,0.09,1,-0.12,0.08,1,-0.12,0.08,1,-0.11,0.09,1,-0.11,0.08,1,-0.09,0.07,1,-0.11,0.06,1,-0.1,0.07,1
302,19.368,-99.182,942,-0.08,0.35,2,-0.08,0.4,2,-0.07,0.41,2,-0.06,0.4,2,-0.06,0.41,2,-0.06,0.14,1,-0.09,0.12,1,-0.07,0.31,2
303,19.44,-99.201,887,-0.14,0.2,1,-0.14,0.22,1,-0.14,0.23,1,-0.13,0.23,1,-0.12,0.21,1,-0.11,0.1,1,-0.11,0.07,1,-0.12,0.18,1
304,19.417,-99.174,896,-0.19,0.12,1,-0.2,0.12,1,-0.18,0.11,1,-0.16,0.13,1,-0.17,0.15,1,-0.17,0.09,1,-0.16,0.09,1,-0.17,0.11,1
305,19.413,-99.161,1015,-0.22,0.08,1,-0.23,0.08,1,-0.21,0.08,1,-0.22,0.06,1,-0.2,0.07,1,-0.13,0.07,1,-0.15,0.07,1,-0.19,0.07,1
306,19.413,-99.164,890,-0.23,0.05,1,-0.24,0.06,1,-0.24,0.05,1,-0.24,0.05,1,-0.21,0.06,1,-0.15,0.06,1,-0.14,0.06,1,-0.2,0.05,1
307,19.408,-99.16,1016,-0.22,0.08,1,-0.26,0.07,3,-0.25,0.08,3,-0.26,0.08,3,-0.25,0.06,3,-0.15,0.06,1,-0.12,0.06,1,-0.21,0.07,1
308,19.431,-99.186,841,-0.39,0.21,3,-0.44,0.23,3,-0.47,0.22,3,-0.48,0.19,3,-0.42,0.2,3,-0.23,0.16,1,-0.23,0.16,1,-0.38,0.19,3
309,19.442,-99.159,1015,-0.18,0.07,1,-0.18,0.07,1,-0.18,0.06,1,-0.18,0.07,1,-0.15,0.06,1,-0.1,0.07,1,-0.11,0.07,1,-0.15,0.06,1
310,19.418,-99.168,902,-0.22,0.09,1,-0.21,0.1,1,-0.21,0.09,1,-0.21,0.08,1,-0.2,0.09,1,-0.16,0.1,1,-0.17,0.08,1,-0.19,0.09,1
311,19.404,-99.184,1040,-0.2,0.1,1,-0.22,0.1,1,-0.22,0.08,1,-0.22,0.1,1,-0.19,0.09,1,-0.16,0.09,1,-0.15,0.08,1,-0.19,0.09,1
312,19.436,-99.18,1044,-0.26,0.18,3,-0.27,0.19,3,-0.27,0.23,3,-0.28,0.21,3,-0.26,0.2,3,-0.22,0.15,1,-0.24,0.17,1,-0.25,0.18,3
313,19.443,-99.162,823,-0.12,0.55,2,-0.14,0.57,2,-0.1,0.59,2,-0.12,0.59,2,-0.12,0.57,2,-0.11,0.15,1,-0.14,0.15,1,-0.12,0.45,2
314,19.422,-99.158,1026,-0.21,0.13,1,-0.21,0.16,1,-0.18,0.15,1,-0.15,0.17,1,-0.16,0.13,1,-0.14,0.11,1,-0.16,0.12,1,-0.17,0.13,1
315,19.413,-99.175,888,-0.41,0.1,3,-0.47,0.1,3,-0.49,0.09,3,-0.48,0.08,3,-0.47,0.08,3,-0.33,0.1,3,-0.31,0.09,3,-0.42,0.09,3
316,19.414,-99.169,899,-0.37,0.05,3,-0.41,0.05,3,-0.42,0.04,3,-0.4,0.05,3,-0.39,0.04,3,-0.21,0.04,1,-0.18,0.04,1,-0.34,0.04,3
317,19.421,-99.163,1036,-0.38,0.06,3,-0.41,0.05,3,-0.43,0.06,3,-0.42,0.05,3,-0.39,0.04,3,-0.22,0.06,1,-0.25,0.06,3,-0.35,0.05,3
318,19.412,-99.174,894,-0.47,0.06,3,-0.52,0.06,3,-0.55,0.05,3,-0.52,0.07,3,-0.49,0.05,3,-0.28,0.06,3,-0.26,0.06,3,-0.44,0.05,3
319,19.427,-99.144,1043,-0.27,0.07,3,-0.34,0.06,3,-0.37,0.05,3,-0.33,0.06,3,-0.33,0.04,3,-0.18,0.05,1,-0.16,0.05,1,-0.28,0.05,3
320,19.426,-99.178,1041,-0.43,0.08,3,-0.43,0.06,3,-0.46,0.06,3,-0.41,0.06,3,-0.37,0.07,3,-0.25,0.07,3,-0.26,0.08,3,-0.37,0.06,3
321,19.442,-99.167,893,-0.16,0.33,2,-0.16,0.38,2,-0.18,0.38,2,-0.16,0.39,2,-0.15,0.35,2,-0.11,0.15,1,-0.13,0.12,1,-0.15,0.3,2
322,19.442,-99.156,1040,-0.11,0.32,2,-0.1,0.35,2,-0.11,0.37,2,-0.1,0.34,2,-0.1,0.31,2,-0.1,0.09,1,-0.08,0.08,6,-0.1,0.26,2
323,19.411,-99.161,892,-0.12,0.13,1,-0.14,0.12,1,-0.13,0.14,1,-0.14,0.11,1,-0.12,0.12,6,-0.14,0.08,1,-0.13,0.07,1,-0.13,0.11,1
324,19.446,-99.161,1048,-0.2,0.13,1,-0.23,0.11,1,-0.21,0.12,1,-0.23,0.11,1,-0.22,0.1,1,-0.18,0.08,1,-0.17,0.09,1,-0.2,0.1,1
325,19.444,-99.165,881,-0.16,0.14,1,-0.17,0.13,1,-0.18,0.13,1,-0.16,0.14,1,-0.17,0.15,1,-0.14,0.09,1,-0.13,0.09,1,-0.15,0.12,1
326,19.445,-99.157,1007,-0.2,0.07,1,-0.19,0.07,1,-0.19,0.06,1,-0.2,0.06,1,-0.17,0.07,1,-0.11,0.09,1,-0.14,0.08,1,-0.17,0.07,1
327,19.405,-99.162,908,-0.24,0.13,1,-0.3,0.13,3,-0.28,0.13,3,-0.3,0.11,3,-0.28,0.11,3,-0.16,0.11,1,-0.17,0.09,1,-0.24,0.11,1
328,19.427,-99.168,1043,-0.43,0.2,3,-0.49,0.17,3,-0.55,0.18,3,-0.54,0.16,3,-0.49,0.15,3,-0.34,0.12,3,-0.31,0.11,3,-0.45,0.15,3
329,19.408,-99.188,1042,-0.24,0.11,1,-0.25,0.13,3,-0.24,0.11,1,-0.23,0.1,1,-0.21,0.12,1,-0.16,0.1,1,-0.18,0.12,1,-0.21,0.11,1
330,19.419,-99.172,166,-0.07,0.03,1,-0.06,0.04,1,-0.07,0.03,1,-0.05,0.04,1,-0.07,0.04,1,-0.06,0.06,6,-0.05,0.06,1,-0.06,0.04,1
331,19.436,-99.142,1039,-0.21,0.11,1,-0.18,0.1,1,-0.2,0.1,1,-0.19,0.12,1,-0.19,0.11,1,-0.17,0.09,1,-0.16,0.09,1,-0.18,0.1,1
332,19.399,-99.18,891,-0.16,0.38,2,-0.17,0.44,2,-0.15,0.45,2,-0.15,0.44,2,-0.15,0.41,2,-0.14,0.1,1,-0.11,0.08,1,-0.14,0.32,2
333,19.44,-99.163,890,-0.17,0.2,1,-0.16,0.19,1,-0.13,0.19,1,-0.14,0.19,1,-0.14,0.18,1,-0.14,0.15,1,-0.15,0.11,1,-0.14,0.17,1
334,19.424,-99.18,1020,-0.18,0.06,1,-0.18,0.05,1,-0.18,0.05,1,-0.17,0.06,1,-0.16,0.05,1,-0.12,0.05,1,-0.13,0.06,1,-0.16,0.05,1
335,19.356,-99.169,1044,-0.33,0.05,3,-0.35,0.06,3,-0.34,0.06,3,-0.33,0.06,3,-0.3,0.06,3,-0.18,0.06,1,-0.23,0.07,1,-0.29,0.06,3
336,19.431,-99.142,271,-0.07,0.04,1,-0.09,0.05,1,-0.07,0.05,1,-0.1,0.05,1,-0.08,0.05,1,-0.06,0.03,1,-0.07,0.05,1,-0.07,0.04,1
337,19.364,-99.181,902,-0.31,0.12,3,-0.36,0.1,3,-0.38,0.08,3,-0.33,0.1,3,-0.39,0.09,3,-0.27,0.07,3,-0.23,0.08,1,-0.32,0.09,3
338,19.407,-99.17,882,-0.31,0.16,3,-0.4,0.14,3,-0.42,0.1,3,-0.42,0.11,3,-0.43,0.11,3,-0.3,0.08,3,-0.22,0.09,1,-0.35,0.11,3
339,19.358,-99.17,1042,-0.17,0.07,1,-0.17,0.07,1,-0.17,0.07,1,-0.15,0.08,1,-0.15,0.06,1,-0.11,0.1,1,-0.13,0.07,1,-0.15,0.07,1
340,19.404,-99.178,1042,-0.16,0.31,2,-0.14,0.33,2,-0.14,0.34,2,-0.14,0.31,2,-0.14,0.31,2,-0.14,0.1,1,-0.12,0.09,1,-0.14,0.25,2
341,19.368,-99.185,897,-0.12,0.22,1,-0.12,0.25,2,-0.11,0.2,1,-0.12,0.23,1,-0.11,0.2,1,-0.11,0.08,1,-0.11,0.07,1,-0.11,0.17,1
342,19.407,-99.168,830,-0.1,0.1,6,-0.09,0.09,6,-0.09,0.1,1,-0.08,0.09,1,-0.08,0.1,1,-0.09,0.07,1,-0.09,0.06,1,-0.08,0.08,6
343,19.355,-99.166,838,-0.18,0.19,1,-0.16,0.22,1,-0.17,0.22,1,-0.16,0.23,1,-0.17,0.2,1,-0.15,0.13,1,-0.18,0.1,1,-0.16,0.18,1
344,19.357,-99.164,1032,-0.27,0.1,3,-0.26,0.12,3,-0.27,0.11,3,-0.3,0.12,3,-0.28,0.1,3,-0.21,0.1,1,-0.21,0.1,1,-0.25,0.1,3
345,19.415,-99.185,845,-0.15,0.07,1,-0.17,0.06,1,-0.16,0.07,1,-0.16,0.07,1,-0.16,0.08,1,-0.11,0.09,1,-0.1,0.07,1,-0.14,0.07,1
346,19.407,-99.165,1031,-0.24,0.1,1,-0.25,0.1,3,-0.25,0.1,3,-0.25,0.1,3,-0.24,0.09,1,-0.15,0.13,1,-0.14,0.12,1,-0.21,0.1,1
347,19.407,-99.178,1040,-0.24,0.33,2,-0.25,0.34,5,-0.25,0.32,5,-0.24,0.33,2,-0.23,0.25,2,-0.21,0.13,1,-0.19,0.11,1,-0.23,0.25,2
348,19.41,-99.176,1041,-0.16,0.04,1,-0.17,0.04,1,-0.16,0.04,1,-0.16,0.03,1,-0.16,0.04,1,-0.1,0.04,1,-0.1,0.05,1,-0.14,0.04,1
349,19.408,-99.177,903,-0.12,0.07,1,-0.1,0.08,1,-0.11,0.09,1,-0.11,0.07,1,-0.11,0.06,1,-0.08,0.06,1,-0.09,0.06,1,-0.1,0.07,1
350,19.405,-99.156,165,-0.1,0.03,1,-0.1,0.03,1,-0.1,0.02,1,-0.09,0.03,1,-0.09,0.03,1,-0.09,0.03,1,-0.07,0.03,1,-0.09,0.02,1
351,19.416,-99.171,1042,-0.17,0.11,1,-0.2,0.11,1,-0.21,0.08,1,-0.2,0.09,1,-0.18,0.08,1,-0.14,0.08,1,-0.16,0.07,1,-0.18,0.08,1
352,19.403,-99.175,903,-0.22,0.1,1,-0.23,0.08,1,-0.21,0.08,1,-0.2,0.07,1,-0.21,0.07,1,-0.15,0.09,1,-0.16,0.07,1,-0.19,0.08,1
353,19.362,-99.155,1019,-0.22,0.09,1,-0.24,0.08,1,-0.22,0.08,1,-0.23,0.08,1,-0.22,0.08,1,-0.15,0.07,1,-0.15,0.07,1,-0.2,0.07,1
354,19.403,-99.178,168,-0.11,0.06,1,-0.1,0.08,1,-0.08,0.09,1,-0.1,0.05,1,-0.1,0.07,1,-0.08,0.06,1,-0.08,0.06,1,-0.09,0.06,1
355,19.393,-99.179,904,-0.12,0.27,2,-0.14,0.28,2,-0.12,0.3,2,-0.11,0.32,2,-0.11,0.27,2,-0.09,0.15,1,-0.09,0.13,1,-0.11,0.24,1
356,19.402,-99.171,1031,-0.12,0.21,1,-0.12,0.24,1,-0.12,0.23,1,-0.14,0.24,1,-0.11,0.2,1,-0.09,0.12,1,-0.09,0.1,1,-0.11,0.19,1
357,19.389,-99.184,867,-0.14,0.12,1,-0.13,0.12,1,-0.12,0.13,1,-0.11,0.13,1,-0.11,0.14,1,-0.1,0.1,6,-0.12,0.09,1,-0.11,0.11,6
358,19.4,-99.167,1031,-0.12,0.14,1,-0.12,0.14,1,-0.11,0.15,1,-0.1,0.14,1,-0.1,0.15,1,-0.09,0.13,1,-0.11,0.12,1,-0.1,0.13,1
359,19.411,-99.186,856,-0.2,0.12,1,-0.24,0.12,1,-0.24,0.09,1,-0.23,0.11,1,-0.23,0.09,1,-0.19,0.08,1,-0.16,0.09,1,-0.21,0.09,1
360,19.398,-99.17,1031,-0.13,0.14,1,-0.14,0.14,6,-0.15,0.12,1,-0.14,0.13,1,-0.14,0.13,1,-0.08,0.09,1,-0.11,0.09,1,-0.12,0.12,6
361,19.394,-99.159,2000,-0.34,0.11,3,-0.38,0.1,3,-0.38,0.1,3,-0.39,0.11,3,-0.38,0.1,3,-0.27,0.09,3,-0.21,0.09,1,-0.33,0.1,3
362,19.395,-99.182,162,-0.15,0.09,1,-0.13,0.09,1,-0.15,0.1,1,-0.14,0.1,1,-0.13,0.12,1,-0.12,0.12,6,-0.13,0.11,1,-0.13,0.1,1
363,19.392,-99.177,1030,-0.24,0.28,2,-0.23,0.29,2,-0.22,0.23,1,-0.2,0.24,1,-0.22,0.25,2,-0.13,0.28,2,-0.16,0.22,1,-0.19,0.25,2
364,19.386,-99.186,987,-0.22,0.32,2,-0.19,0.29,2,-0.2,0.34,2,-0.23,0.3,2,-0.2,0.34,2,-0.18,0.24,1,-0.18,0.26,2,-0.2,0.29,2
365,19.392,-99.163,271,-0.09,0.11,1,-0.08,0.1,1,-0.09,0.08,1,-0.08,0.09,1,-0.09,0.07,1,-0.08,0.07,1,-0.07,0.06,1,-0.08,0.08,6
366,19.39,-99.185,888,-0.12,0.08,1,-0.11,0.07,1,-0.12,0.08,1,-0.1,0.08,1,-0.11,0.08,1,-0.08,0.07,1,-0.08,0.07,1,-0.1,0.07,1
367,19.403,-99.166,1028,-0.29,0.1,3,-0.3,0.1,3,-0.29,0.1,3,-0.3,0.1,3,-0.28,0.09,3,-0.14,0.11,1,-0.12,0.1,1,-0.24,0.1,1
368,19.396,-99.157,162,-0.08,0.07,1,-0.11,0.1,1,-0.1,0.07,1,-0.12,0.06,1,-0.1,0.06,1,-0.12,0.04,1,-0.07,0.05,1,-0.1,0.06,1
369,19.386,-99.17,163,-0.14,0.04,1,-0.11,0.08,1,-0.14,0.06,1,-0.12,0.08,1,-0.11,0.07,1,-0.11,0.08,1,-0.1,0.05,1,-0.11,0.06,1
370,19.389,-99.163,893,-0.46,0.1,3,-0.52,0.07,3,-0.52,0.08,3,-0.52,0.07,3,-0.53,0.06,3,-0.29,0.08,3,-0.3,0.08,3,-0.44,0.07,3
371,19.386,-99.158,871,-0.42,0.04,3,-0.47,0.06,3,-0.48,0.05,3,-0.48,0.05,3,-0.43,0.04,3,-0.22,0.06,1,-0.2,0.05,1,-0.38,0.05,3
372,19.371,-99.187,1026,-0.25,0.13,3,-0.26,0.11,3,-0.26,0.11,3,-0.24,0.13,1,-0.24,0.11,1,-0.14,0.1,1,-0.16,0.09,1,-0.22,0.11,1
373,19.435,-99.206,168,-0.11,0.11,6,-0.11,0.12,1,-0.11,0.1,1,-0.1,0.17,1,-0.16,0.11,1,-0.1,0.07,1,-0.09,0.07,1,-0.11,0.1,1
374,19.391,-99.166,874,-0.33,0.12,3,-0.37,0.11,3,-0.34,0.11,3,-0.37,0.11,3,-0.31,0.14,3,-0.09,0.22,1,-0.1,0.14,1,-0.27,0.13,3
375,19.395,-99.165,1081,-0.49,0.16,3,-0.48,0.15,3,-0.48,0.14,3,-0.47,0.13,3,-0.47,0.13,3,-0.22,0.18,1,-0.14,0.21,1,-0.39,0.15,3
376,19.431,-99.133,837,-0.14,0.14,6,-0.14,0.14,6,-0.11,0.16,1,-0.13,0.15,1,-0.1,0.15,1,-0.09,0.15,1,-0.1,0.14,1,-0.11,0.14,1
377,19.395,-99.174,1019,-0.14,0.09,1,-0.19,0.1,1,-0.18,0.1,1,-0.18,0.09,1,-0.18,0.1,1,-0.1,0.12,1,-0.1,0.11,1,-0.15,0.1,1
378,19.384,-99.185,1028,-0.22,0.1,1,-0.29,0.11,3,-0.26,0.1,3,-0.28,0.11,3,-0.25,0.1,3,-0.13,0.07,1,-0.13,0.08,1,-0.22,0.09,1
379,19.378,-99.182,867,-0.17,0.3,2,-0.17,0.27,2,-0.16,0.32,2,-0.16,0.3,2,-0.14,0.36,2,-0.14,0.16,1,-0.16,0.14,1,-0.15,0.26,2
380,19.374,-99.17,876,-0.16,0.07,1,-0.19,0.06,1,-0.2,0.06,1,-0.19,0.06,1,-0.19,0.06,1,-0.14,0.06,1,-0.11,0.07,1,-0.16,0.06,1
381,19.391,-99.171,1029,-0.13,0.16,1,-0.12,0.19,1,-0.13,0.17,1,-0.13,0.19,1,-0.13,0.17,1,-0.12,0.12,6,-0.11,0.1,1,-0.12,0.15,1
382,19.397,-99.166,839,-0.15,0.13,1,-0.16,0.14,1,-0.17,0.12,1,-0.17,0.11,1,-0.17,0.13,1,-0.15,0.11,1,-0.13,0.09,1,-0.15,0.11,1
383,19.375,-99.174,1028,-0.32,0.23,3,-0.36,0.23,3,-0.37,0.2,3,-0.35,0.22,3,-0.35,0.18,3,-0.15,0.23,1,-0.21,0.15,1,-0.3,0.2,3
384,19.384,-99.163,267,-0.12,0.1,1,-0.14,0.1,1,-0.12,0.13,1,-0.12,0.11,1,-0.14,0.11,1,-0.07,0.09,1,-0.09,0.1,1,-0.11,0.1,1
385,19.37,-99.18,868,-0.15,0.16,1,-0.14,0.17,1,-0.13,0.19,1,-0.13,0.22,1,-0.12,0.22,1,-0.11,0.21,1,-0.12,0.15,1,-0.12,0.18,1
386,19.378,-99.167,841,-0.34,0.14,3,-0.41,0.17,3,-0.41,0.1,3,-0.42,0.13,3,-0.4,0.14,3,-0.27,0.14,3,-0.22,0.14,1,-0.35,0.13,3
387,19.371,-99.178,266,-0.11,0.05,1,-0.11,0.06,1,-0.08,0.05,1,-0.08,0.06,1,-0.08,0.05,1,-0.08,0.06,1,-0.08,0.05,1,-0.08,0.05,1
388,19.375,-99.186,828,-0.2,0.11,1,-0.25,0.09,3,-0.27,0.08,3,-0.26,0.09,3,-0.21,0.07,1,-0.12,0.08,1,-0.12,0.1,1,-0.2,0.08,1
389,19.384,-99.176,1031,-0.42,0.26,4,-0.52,0.24,3,-0.54,0.23,3,-0.5,0.23,3,-0.47,0.17,3,-0.27,0.15,3,-0.26,0.21,3,-0.42,0.21,3
390,19.382,-99.16,168,-0.08,0.05,1,-0.06,0.07,1,-0.05,0.05,6,-0.07,0.06,1,-0.06,0.05,1,-0.04,0.05,1,-0.07,0.07,6,-0.06,0.05,1
391,19.393,-99.185,1020,-0.31,0.15,3,-0.34,0.18,3,-0.33,0.14,3,-0.33,0.15,3,-0.32,0.16,3,-0.22,0.16,1,-0.25,0.14,3,-0.3,0.15,3
392,19.38,-99.177,271,-0.11,0.1,1,-0.12,0.1,1,-0.13,0.09,1,-0.12,0.09,1,-0.12,0.07,1,-0.09,0.06,1,-0.12,0.06,1,-0.11,0.08,1
393,19.373,-99.18,1020,-0.15,0.15,6,-0.19,0.15,1,-0.19,0.14,1,-0.17,0.14,1,-0.17,0.11,1,-0.12,0.06,1,-0.13,0.07,1,-0.16,0.11,1
394,19.436,-99.185,263,-0.11,0.09,1,-0.1,0.09,1,-0.13,0.09,1,-0.08,0.08,6,-0.09,0.09,6,-0.08,0.08,6,-0.12,0.06,1,-0.1,0.08,1
395,19.372,-99.17,168,-0.11,0.12,1,-0.08,0.1,1,-0.11,0.1,1,-0.08,0.12,1,-0.09,0.11,1,-0.06,0.09,1,-0.07,0.08,1,-0.08,0.1,1
396,19.366,-99.178,1031,-0.15,0.2,1,-0.12,0.17,1,-0.12,0.18,1,-0.12,0.16,1,-0.1,0.2,1,-0.06,0.26,2,-0.07,0.23,1,-0.1,0.2,1
397,19.387,-99.175,1022,-0.16,0.09,1,-0.16,0.08,1,-0.18,0.08,1,-0.17,0.09,1,-0.16,0.09,1,-0.13,0.07,1,-0.12,0.09,1,-0.15,0.08,1
398,19.368,-99.177,1012,-0.18,0.18,6,-0.18,0.16,1,-0.17,0.18,1,-0.16,0.19,1,-0.17,0.14,1,-0.13,0.18,1,-0.14,0.18,1,-0.16,0.17,1
399,19.381,-99.184,879,-0.22,0.09,1,-0.27,0.09,3,-0.27,0.08,3,-0.25,0.09,3,-0.23,0.08,1,-0.14,0.12,1,-0.12,0.11,1,-0.21,0.09,1
400,19.382,-99.173,1022,-0.29,0.15,3,-0.32,0.12,3,-0.29,0.14,3,-0.29,0.14,3,-0.28,0.17,3,-0.2,0.11,1,-0.22,0.08,1,-0.27,0.13,3
401,19.385,-99.174,270,-0.06,0.09,1,-0.08,0.09,1,-0.08,0.08,6,-0.08,0.07,1,-0.08,0.1,1,-0.07,0.06,1,-0.1,0.07,1,-0.07,0.08,1
402,19.396,-99.173,1025,-0.15,0.31,2,-0.11,0.37,2,-0.09,0.36,2,-0.11,0.34,2,-0.09,0.3,2,-0.09,0.2,1,-0.1,0.14,1,-0.1,0.28,2
403,19.379,-99.174,878,-0.17,0.33,2,-0.17,0.4,2,-0.18,0.37,2,-0.16,0.37,2,-0.16,0.36,2,-0.1,0.17,1,-0.13,0.11,1,-0.15,0.3,2
404,19.372,-99.162,1023,-0.13,0.23,1,-0.12,0.29,2,-0.12,0.26,2,-0.12,0.27,2,-0.12,0.2,1,-0.09,0.07,1,-0.09,0.07,1,-0.11,0.19,1
405,19.381,-99.17,821,-0.25,0.12,3,-0.28,0.11,3,-0.25,0.12,3,-0.24,0.13,1,-0.23,0.1,1,-0.18,0.1,1,-0.2,0.1,1,-0.23,0.11,1
406,19.402,-99.159,1022,-0.11,0.07,1,-0.12,0.07,1,-0.11,0.08,1,-0.11,0.08,1,-0.11,0.07,1,-0.09,0.07,1,-0.08,0.07,1,-0.1,0.07,1
407,19.404,-99.182,830,-0.16,0.36,2,-0.15,0.37,2,-0.13,0.4,2,-0.14,0.36,2,-0.13,0.37,2,-0.11,0.44,2,-0.11,0.4,2,-0.13,0.38,2
408,19.374,-99.157,162,-0.09,0.09,6,-0.06,0.08,1,-0.06,0.08,1,-0.09,0.09,6,-0.04,0.1,1,-0.07,0.11,1,-0.07,0.12,1,-0.06,0.09,1
409,19.436,-99.195,1021,-0.25,0.18,3,-0.28,0.17,3,-0.3,0.17,3,-0.29,0.16,3,-0.28,0.16,3,-0.2,0.1,1,-0.2,0.1,1,-0.25,0.14,3
410,19.438,-99.175,1020,-0.15,0.09,1,-0.18,0.09,1,-0.17,0.09,1,-0.18,0.09,1,-0.17,0.07,1,-0.13,0.06,1,-0.13,0.05,1,-0.15,0.07,1
411,19.442,-99.205,960,-0.21,0.13,1,-0.26,0.13,3,-0.29,0.12,3,-0.26,0.11,3,-0.28,0.08,3,-0.15,0.08,1,-0.17,0.07,1,-0.23,0.1,1
412,19.441,-99.182,804,-0.28,0.2,3,-0.29,0.25,4,-0.28,0.18,3,-0.28,0.19,3,-0.29,0.18,3,-0.2,0.1,1,-0.19,0.12,1,-0.25,0.17,3
413,19.436,-99.175,177,-0.26,0.14,3,-0.23,0.19,1,-0.28,0.14,3,-0.25,0.13,3,-0.24,0.17,1,-0.14,0.12,1,-0.13,0.12,1,-0.21,0.14,1
414,19.389,-99.158,1021,-0.15,0.17,1,-0.16,0.22,1,-0.15,0.19,1,-0.16,0.21,1,-0.12,0.2,1,-0.08,0.21,1,-0.1,0.19,1,-0.13,0.19,1
415,19.359,-99.159,840,-0.24,0.12,1,-0.26,0.13,3,-0.25,0.14,3,-0.24,0.13,1,-0.23,0.13,1,-0.18,0.13,1,-0.19,0.1,1,-0.22,0.12,1
416,19.361,-99.168,1019,-0.14,0.07,1,-0.14,0.08,1,-0.13,0.08,1,-0.13,0.09,1,-0.13,0.08,1,-0.1,0.07,1,-0.1,0.07,1,-0.12,0.07,1
417,19.435,-99.138,271,-0.17,0.15,1,-0.13,0.16,1,-0.16,0.16,6,-0.12,0.12,6,-0.14,0.12,1,-0.12,0.12,6,-0.12,0.1,1,-0.13,0.13,6
418,19.418,-99.155,871,-0.13,0.21,1,-0.1,0.27,2,-0.1,0.25,2,-0.1,0.2,1,-0.11,0.19,1,-0.12,0.08,1,-0.11,0.08,1,-0.11,0.18,1
419,19.379,-99.161,963,-0.09,0.17,1,-0.1,0.21,1,-0.08,0.2,1,-0.08,0.19,1,-0.08,0.15,1,-0.09,0.06,1,-0.08,0.06,1,-0.08,0.14,1
420,19.371,-99.166,1023,-0.15,0.09,1,-0.14,0.11,1,-0.15,0.1,1,-0.14,0.1,1,-0.13,0.07,1,-0.12,0.06,1,-0.13,0.07,1,-0.13,0.08,1
421,19.407,-99.18,1022,-0.21,0.16,1,-0.21,0.16,1,-0.19,0.16,1,-0.18,0.15,1,-0.2,0.14,1,-0.15,0.14,1,-0.15,0.16,1,-0.18,0.15,1
422,19.438,-99.204,267,-0.41,0.07,3,-0.45,0.09,3,-0.36,0.08,3,-0.39,0.05,3,-0.4,0.05,3,-0.19,0.07,1,-0.22,0.09,1,-0.34,0.07,3
423,19.389,-99.175,815,-0.07,0.23,1,-0.06,0.25,2,-0.07,0.27,2,-0.06,0.25,2,-0.05,0.22,1,-0.05,0.16,1,-0.06,0.18,1,-0.06,0.22,1
424,19.378,-99.144,832,-0.11,0.14,1,-0.08,0.15,1,-0.08,0.15,1,-0.08,0.15,1,-0.07,0.17,1,-0.08,0.17,1,-0.08,0.19,1,-0.08,0.16,1
425,19.371,-99.159,971,-0.13,0.11,1,-0.12,0.11,1,-0.13,0.12,1,-0.12,0.11,1,-0.11,0.12,1,-0.08,0.12,1,-0.1,0.15,1,-0.11,0.12,1
426,19.422,-99.167,827,-0.17,0.14,1,-0.19,0.13,1,-0.19,0.14,1,-0.19,0.11,1,-0.17,0.12,1,-0.13,0.08,1,-0.15,0.08,1,-0.17,0.11,1
427,19.443,-99.178,1016,-0.24,0.16,1,-0.21,0.19,1,-0.23,0.17,1,-0.23,0.14,1,-0.19,0.17,1,-0.12,0.19,1,-0.19,0.19,6,-0.2,0.17,1
428,19.391,-99.179,169,-0.14,0.17,1,-0.13,0.17,1,-0.1,0.17,1,-0.12,0.17,1,-0.1,0.16,1,-0.1,0.15,1,-0.12,0.19,1,-0.11,0.16,1
429,19.43,-99.2,1040,-0.38,0.43,5,-0.35,0.48,5,-0.39,0.45,5,-0.38,0.42,5,-0.37,0.39,5,-0.32,0.22,3,-0.38,0.21,3,-0.36,0.37,5
430,19.439,-99.173,955,-0.58,0.2,3,-0.66,0.14,3,-0.67,0.12,3,-0.67,0.12,3,-0.69,0.12,3,-0.36,0.12,3,-0.23,0.13,1,-0.55,0.13,3
431,19.373,-99.175,884,-0.25,0.57,5,-0.21,0.62,2,-0.19,0.58,2,-0.23,0.6,2,-0.21,0.55,2,-0.17,0.29,2,-0.21,0.27,2,-0.2,0.49,2
432,19.425,-99.204,1019,-0.37,0.17,3,-0.46,0.16,3,-0.44,0.18,3,-0.45,0.14,3,-0.4,0.16,3,-0.14,0.16,1,-0.14,0.17,1,-0.34,0.16,3
433,19.381,-99.167,960,-0.3,0.39,5,-0.3,0.44,5,-0.29,0.43,5,-0.29,0.4,5,-0.37,0.19,3,-0.13,0.08,1,-0.1,0.21,1,-0.25,0.3,5
434,19.449,-99.157,960,-0.19,0.32,2,-0.21,0.31,2,-0.19,0.31,2,-0.19,0.31,2,-0.16,0.28,2,-0.14,0.06,1,-0.14,0.08,1,-0.17,0.23,1
435,19.394,-99.171,842,-0.39,0.36,4,-0.44,0.39,4,-0.41,0.37,4,-0.38,0.38,6,-0.47,0.21,3,-0.18,0.07,1,-0.14,0.09,1,-0.34,0.26,4
436,19.428,-99.172,946,-0.51,0.28,4,-0.53,0.33,4,-0.51,0.33,4,-0.49,0.31,4,-0.52,0.26,4,-0.22,0.1,1,-0.17,0.1,1,-0.42,0.24,3
437,19.449,-99.17,971,-0.39,0.25,4,-0.39,0.3,4,-0.39,0.29,4,-0.36,0.29,4,-0.34,0.24,3,-0.11,0.07,1,-0.1,0.1,6,-0.29,0.22,3
438,19.411,-99.166,967,-0.31,0.37,5,-0.37,0.4,5,-0.33,0.39,5,-0.37,0.36,4,-0.42,0.19,3,-0.16,0.07,1,-0.13,0.08,1,-0.29,0.26,4
439,19.412,-99.156,942,-0.23,0.12,1,-0.27,0.14,3,-0.25,0.12,3,-0.24,0.12,1,-0.27,0.09,3,-0.12,0.04,1,-0.11,0.04,1,-0.21,0.09,1
440,19.446,-99.167,827,-0.23,0.23,6,-0.24,0.24,6,-0.27,0.23,3,-0.21,0.23,1,-0.24,0.17,1,-0.06,0.05,1,-0.05,0.05,6,-0.18,0.17,1
441,19.458,-99.159,943,-0.45,0.56,5,-0.52,0.59,5,-0.46,0.59,5,-0.42,0.61,5,-0.42,0.53,5,-0.17,0.11,1,-0.15,0.1,1,-0.37,0.44,5
442,19.411,-99.168,981,-0.49,0.63,5,-0.49,0.69,5,-0.48,0.67,5,-0.48,0.64,5,-0.49,0.55,5,-0.24,0.15,1,-0.23,0.19,1,-0.41,0.5,5
443,19.438,-99.191,967,-0.44,0.25,4,-0.46,0.27,4,-0.45,0.31,4,-0.48,0.23,3,-0.49,0.15,3,-0.24,0.09,1,-0.21,0.09,1,-0.39,0.19,3
444,19.367,-99.167,843,-0.12,0.29,2,-0.11,0.28,2,-0.11,0.29,2,-0.1,0.28,2,-0.13,0.24,1,-0.07,0.16,1,-0.09,0.17,1,-0.1,0.24,1
445,19.449,-99.182,706,-0.33,0.54,5,-0.3,0.54,5,-0.26,0.5,5,-0.28,0.46,5,-0.25,0.43,5,-0.2,0.18,1,-0.22,0.23,1,-0.26,0.41,5
446,19.453,-99.175,956,-0.11,0.23,1,-0.1,0.26,2,-0.08,0.25,2,-0.12,0.27,2,-0.08,0.22,1,-0.07,0.12,1,-0.09,0.12,1,-0.09,0.21,1
447,19.455,-99.179,972,-0.55,0.1,3,-0.61,0.1,3,-0.59,0.08,3,-0.6,0.09,3,-0.59,0.08,3,-0.34,0.07,3,-0.28,0.08,3,-0.5,0.08,3
448,19.453,-99.166,977,-0.35,0.08,3,-0.38,0.06,3,-0.37,0.06,3,-0.37,0.06,3,-0.35,0.08,3,-0.16,0.05,1,-0.14,0.05,1,-0.3,0.06,3
449,19.459,-99.159,947,-0.26,0.18,3,-0.28,0.19,3,-0.32,0.2,3,-0.32,0.19,3,-0.28,0.13,3,-0.27,0.1,3,-0.26,0.09,3,-0.28,0.15,3
450,19.453,-99.17,961,-0.15,0.28,2,-0.16,0.31,2,-0.18,0.31,2,-0.19,0.29,2,-0.13,0.29,2,-0.07,0.05,1,-0.06,0.04,1,-0.13,0.22,1
451,19.449,-99.173,932,-0.11,0.2,1,-0.1,0.24,1,-0.11,0.2,1,-0.1,0.23,1,-0.11,0.21,1,-0.09,0.11,1,-0.09,0.04,1,-0.1,0.17,1
452,19.456,-99.175,978,-0.26,0.29,5,-0.28,0.3,5,-0.27,0.29,5,-0.23,0.29,2,-0.27,0.25,4,-0.23,0.11,1,-0.22,0.08,1,-0.25,0.23,3
453,19.46,-99.185,844,-0.18,0.12,1,-0.17,0.18,1,-0.15,0.16,1,-0.16,0.18,1,-0.18,0.13,1,-0.15,0.07,1,-0.16,0.05,1,-0.16,0.12,1
454,19.46,-99.188,930,-0.13,0.44,2,-0.12,0.49,2,-0.12,0.48,2,-0.11,0.48,2,-0.12,0.45,2,-0.12,0.07,1,-0.11,0.07,1,-0.11,0.35,2
455,19.456,-99.166,832,-0.13,0.3,2,-0.16,0.3,2,-0.18,0.29,2,-0.14,0.29,2,-0.19,0.27,2,-0.08,0.04,1,-0.06,0.03,1,-0.13,0.21,1
456,19.453,-99.158,959,-0.14,0.43,2,-0.16,0.5,2,-0.17,0.49,2,-0.13,0.45,2,-0.13,0.43,2,-0.13,0.16,1,-0.13,0.12,1,-0.14,0.36,2
457,19.445,-99.178,989,-0.36,0.22,3,-0.39,0.3,4,-0.34,0.29,4,-0.34,0.31,4,-0.33,0.27,4,-0.29,0.11,3,-0.28,0.11,3,-0.33,0.23,3
458,19.449,-99.16,720,-0.21,0.34,2,-0.2,0.37,2,-0.19,0.37,2,-0.2,0.4,2,-0.17,0.34,2,-0.14,0.16,1,-0.16,0.12,1,-0.18,0.3,2
459,19.437,-99.17,971,-0.34,0.2,3,-0.3,0.26,4,-0.31,0.24,3,-0.33,0.23,3,-0.31,0.27,4,-0.23,0.06,1,-0.21,0.07,1,-0.29,0.19,3
460,19.43,-99.149,927,-0.25,0.08,3,-0.34,0.07,3,-0.36,0.06,3,-0.33,0.06,3,-0.3,0.07,3,-0.18,0.06,1,-0.14,0.06,1,-0.27,0.06,3
461,19.449,-99.177,980,-0.35,0.14,3,-0.35,0.14,3,-0.4,0.13,3,-0.42,0.14,3,-0.38,0.11,3,-0.26,0.11,3,-0.23,0.11,1,-0.34,0.12,3
462,19.363,-99.183,567,-0.34,0.1,3,-0.37,0.1,3,-0.4,0.08,3,-0.39,0.1,3,-0.36,0.09,3,-0.3,0.06,3,-0.27,0.07,3,-0.34,0.08,3
463,19.451,-99.157,554,-0.27,0.09,3,-0.4,0.06,3,-0.4,0.07,3,-0.39,0.07,3,-0.32,0.07,3,-0.18,0.08,1,-0.14,0.05,1,-0.3,0.07,3
464,19.454,-99.152,573,-0.37,0.09,3,-0.43,0.07,3,-0.46,0.06,3,-0.43,0.08,3,-0.39,0.08,3,-0.21,0.08,1,-0.18,0.07,1,-0.35,0.07,3
465,19.351,-99.155,368,-0.38,0.07,3,-0.39,0.08,3,-0.39,0.07,3,-0.4,0.09,3,-0.35,0.08,3,-0.3,0.09,3,-0.27,0.09,3,-0.35,0.08,3
466,19.363,-99.187,573,-0.21,0.1,1,-0.21,0.1,1,-0.23,0.1,1,-0.18,0.13,1,-0.17,0.12,1,-0.17,0.08,1,-0.14,0.07,1,-0.18,0.1,1
467,19.35,-99.16,556,-0.16,0.13,1,-0.21,0.14,1,-0.18,0.13,1,-0.2,0.13,1,-0.17,0.15,1,-0.14,0.07,1,-0.11,0.07,1,-0.16,0.11,1
468,19.345,-99.158,364,-0.18,0.07,1,-0.18,0.07,1,-0.2,0.08,1,-0.18,0.07,1,-0.18,0.06,1,-0.16,0.07,1,-0.12,0.07,1,-0.17,0.07,1
469,19.344,-99.15,338,-0.43,0.18,3,-0.59,0.12,3,-0.62,0.11,3,-0.57,0.2,3,-0.58,0.05,3,-0.33,0.08,3,-0.3,0.08,3,-0.48,0.11,3
470,19.348,-99.152,350,-0.51,0.28,4,-0.64,0.17,3,-0.61,0.19,3,-0.63,0.16,3,-0.63,0.15,3,-0.46,0.08,3,-0.4,0.08,3,-0.55,0.15,3
471,19.347,-99.159,366,-0.23,0.08,1,-0.25,0.09,3,-0.26,0.07,3,-0.25,0.09,3,-0.25,0.08,3,-0.17,0.06,1,-0.16,0.05,1,-0.22,0.07,1
472,19.346,-99.146,523,-0.56,0.12,3,-0.6,0.08,3,-0.64,0.09,3,-0.65,0.1,3,-0.58,0.08,3,-0.35,0.06,3,-0.27,0.08,3,-0.52,0.08,3
473,19.362,-99.149,561,-0.6,0.15,3,-0.66,0.13,3,-0.67,0.11,3,-0.73,0.1,3,-0.69,0.09,3,-0.29,0.08,3,-0.24,0.06,1,-0.55,0.1,3
474,19.399,-99.151,372,-0.33,0.12,3,-0.4,0.13,3,-0.42,0.12,3,-0.4,0.09,3,-0.43,0.1,3,-0.3,0.06,3,-0.25,0.07,3,-0.36,0.09,3
475,19.353,-99.164,453,-0.67,0.21,3,-0.73,0.22,3,-0.72,0.18,3,-0.74,0.18,3,-0.72,0.24,3,-0.41,0.09,3,-0.32,0.11,3,-0.61,0.17,3
476,19.352,-99.165,565,-0.59,0.14,3,-0.69,0.06,3,-0.7,0.07,3,-0.68,0.08,3,-0.66,0.08,3,-0.24,0.06,1,-0.19,0.05,1,-0.53,0.07,3
477,19.382,-99.154,566,-0.34,0.2,3,-0.47,0.12,3,-0.37,0.15,3,-0.44,0.12,3,-0.41,0.12,3,-0.18,0.08,1,-0.17,0.07,1,-0.34,0.12,3
478,19.387,-99.154,562,-0.09,0.43,2,-0.12,0.43,2,-0.1,0.39,2,-0.1,0.37,2,-0.09,0.37,2,-0.08,0.08,6,-0.08,0.08,6,-0.09,0.3,2
479,19.376,-99.153,563,-0.19,0.5,2,-0.2,0.49,2,-0.16,0.49,2,-0.14,0.5,2,-0.19,0.47,2,-0.13,0.09,1,-0.11,0.09,1,-0.16,0.37,2
480,19.352,-99.158,560,-0.37,0.38,5,-0.34,0.39,5,-0.37,0.38,5,-0.38,0.39,5,-0.28,0.3,5,-0.24,0.18,1,-0.18,0.22,1,-0.3,0.32,5
481,19.385,-99.151,373,-0.23,0.12,1,-0.26,0.11,3,-0.26,0.14,3,-0.29,0.09,3,-0.23,0.12,1,-0.14,0.05,1,-0.12,0.08,1,-0.21,0.1,1
482,19.349,-99.17,449,-0.34,0.17,3,-0.32,0.27,4,-0.37,0.24,3,-0.32,0.25,4,-0.32,0.2,3,-0.16,0.24,1,-0.18,0.25,2,-0.28,0.23,3
483,19.347,-99.179,563,-0.24,0.17,1,-0.38,0.1,3,-0.41,0.14,3,-0.4,0.1,3,-0.35,0.11,3,-0.16,0.07,1,-0.12,0.1,1,-0.29,0.11,3
484,19.357,-99.172,561,-0.24,0.09,1,-0.28,0.09,3,-0.31,0.09,3,-0.31,0.08,3,-0.28,0.09,3,-0.15,0.08,1,-0.16,0.06,1,-0.24,0.08,1
485,19.382,-99.148,565,-0.34,0.1,3,-0.43,0.07,3,-0.48,0.08,3,-0.44,0.07,3,-0.41,0.07,3,-0.2,0.07,1,-0.18,0.06,1,-0.35,0.07,3
486,19.393,-99.146,358,-0.27,0.05,3,-0.29,0.07,3,-0.3,0.04,3,-0.29,0.05,3,-0.27,0.05,3,-0.12,0.07,1,-0.14,0.05,1,-0.24,0.05,1
487,19.42,-99.141,561,-0.28,0.12,3,-0.25,0.12,3,-0.25,0.13,3,-0.27,0.08,3,-0.26,0.09,3,-0.14,0.1,1,-0.1,0.11,1,-0.22,0.1,1
488,19.347,-99.171,562,-0.44,0.16,3,-0.47,0.17,3,-0.48,0.17,3,-0.46,0.14,3,-0.42,0.15,3,-0.21,0.14,1,-0.22,0.12,1,-0.38,0.15,3
489,19.351,-99.175,308,-0.26,0.17,3,-0.34,0.21,3,-0.33,0.16,3,-0.32,0.15,3,-0.33,0.13,3,-0.16,0.1,1,-0.17,0.11,1,-0.27,0.14,3
490,19.381,-99.146,280,-0.23,0.15,1,-0.31,0.1,3,-0.37,0.07,3,-0.31,0.1,3,-0.29,0.1,3,-0.21,0.08,1,-0.17,0.08,1,-0.27,0.09,3
491,19.351,-99.147,389,-0.27,0.16,3,-0.35,0.15,3,-0.35,0.07,3,-0.34,0.16,3,-0.27,0.12,3,-0.15,0.1,1,-0.15,0.09,1,-0.26,0.12,3
492,19.376,-99.156,148,-0.41,0.2,3,-0.38,0.27,4,-0.3,0.13,3,-0.24,0.21,1,-0.24,0.16,1,-0.18,0.15,1,-0.1,0.23,1,-0.26,0.19,3
493,19.42,-99.147,388,-0.22,0.12,1,-0.23,0.19,1,-0.25,0.15,3,-0.25,0.1,3,-0.23,0.1,1,-0.15,0.09,1,-0.14,0.1,1,-0.2,0.12,1
494,19.385,-99.14,313,-0.22,0.11,1,-0.21,0.11,1,-0.2,0.11,1,-0.18,0.1,1,-0.18,0.13,1,-0.08,0.17,1,-0.11,0.15,1,-0.16,0.12,1
495,19.376,-99.144,395,-0.22,0.18,1,-0.2,0.2,6,-0.16,0.19,1,-0.2,0.18,1,-0.15,0.16,1,-0.09,0.13,1,-0.09,0.11,1,-0.15,0.16,1
496,19.352,-99.151,308,-0.22,0.1,1,-0.24,0.12,1,-0.27,0.12,3,-0.24,0.1,1,-0.25,0.08,3,-0.14,0.06,1,-0.11,0.05,1,-0.21,0.08,1
497,19.388,-99.148,395,-0.2,0.09,1,-0.22,0.1,1,-0.22,0.09,1,-0.22,0.09,1,-0.2,0.1,1,-0.08,0.06,1,-0.08,0.07,1,-0.17,0.08,1
498,19.412,-99.153,395,-0.19,0.07,1,-0.2,0.07,1,-0.2,0.07,1,-0.17,0.08,1,-0.17,0.07,1,-0.09,0.08,1,-0.08,0.08,6,-0.15,0.07,1
499,19.378,-99.148,395,-0.2,0.11,1,-0.25,0.1,3,-0.27,0.09,3,-0.24,0.09,1,-0.2,0.07,1,-0.13,0.07,1,-0.09,0.05,1,-0.19,0.08,1
500,19.382,-99.143,396,-0.26,0.14,3,-0.32,0.15,3,-0.33,0.17,3,-0.32,0.19,3,-0.31,0.09,3,-0.16,0.11,1,-0.15,0.08,1,-0.26,0.13,3
501,19.4,-99.145,296,-0.4,0.3,4,-0.42,0.31,4,-0.42,0.36,4,-0.47,0.34,4,-0.43,0.24,3,-0.25,0.11,3,-0.23,0.09,1,-0.37,0.25,4
502,19.366,-99.144,397,-0.27,0.19,3,-0.34,0.17,3,-0.33,0.2,3,-0.32,0.16,3,-0.28,0.11,3,-0.14,0.09,1,-0.12,0.11,1,-0.25,0.14,3
503,19.391,-99.143,335,-0.29,0.2,3,-0.31,0.22,3,-0.32,0.19,3,-0.34,0.22,3,-0.32,0.14,3,-0.17,0.07,1,-0.14,0.08,1,-0.27,0.16,3
504,19.37,-99.146,335,-0.29,0.18,3,-0.31,0.19,3,-0.29,0.21,3,-0.3,0.15,3,-0.27,0.19,3,-0.18,0.12,1,-0.13,0.11,1,-0.25,0.16,3
505,19.418,-99.145,125,-0.25,0.21,3,-0.45,0.1,3,-0.4,0.12,3,-0.38,0.11,3,-0.34,0.09,3,-0.16,0.05,1,-0.14,0.08,1,-0.3,0.1,3
506,19.365,-99.147,396,-0.26,0.17,3,-0.3,0.15,3,-0.3,0.15,3,-0.3,0.17,3,-0.3,0.14,3,-0.2,0.08,1,-0.15,0.08,1,-0.25,0.13,3
507,19.413,-99.139,337,-0.23,0.13,1,-0.31,0.1,3,-0.28,0.11,3,-0.31,0.09,3,-0.27,0.07,3,-0.1,0.08,1,-0.1,0.07,1,-0.22,0.09,1
508,19.444,-99.167,384,-0.38,0.12,3,-0.41,0.15,3,-0.38,0.19,3,-0.38,0.15,3,-0.38,0.11,3,-0.2,0.08,1,-0.14,0.12,1,-0.32,0.13,3
509,19.419,-99.15,325,-0.32,0.16,3,-0.4,0.16,3,-0.42,0.13,3,-0.34,0.11,3,-0.32,0.1,3,-0.18,0.07,1,-0.15,0.1,1,-0.3,0.11,3
510,19.422,-99.143,168,-0.26,0.1,3,-0.23,0.07,1,-0.26,0.1,3,-0.24,0.11,1,-0.2,0.11,1,-0.13,0.11,1,-0.12,0.09,1,-0.2,0.09,1
511,19.388,-99.146,168,-0.27,0.21,3,-0.39,0.18,3,-0.35,0.13,3,-0.39,0.15,3,-0.28,0.16,3,-0.17,0.09,1,-0.16,0.1,1,-0.28,0.14,3
512,19.417,-99.146,394,-0.22,0.17,1,-0.25,0.17,3,-0.28,0.1,3,-0.21,0.17,1,-0.23,0.2,1,-0.15,0.12,1,-0.12,0.06,1,-0.2,0.14,1
513,19.399,-99.138,281,-0.28,0.1,3,-0.35,0.12,3,-0.3,0.11,3,-0.33,0.12,3,-0.27,0.09,3,-0.15,0.1,1,-0.14,0.13,1,-0.25,0.11,3
514,19.42,-99.153,281,-0.36,0.2,3,-0.4,0.15,3,-0.38,0.16,3,-0.4,0.15,3,-0.35,0.14,3,-0.24,0.11,1,-0.19,0.11,1,-0.33,0.14,3
515,19.372,-99.146,294,-0.29,0.13,3,-0.38,0.12,3,-0.35,0.12,3,-0.38,0.09,3,-0.32,0.07,3,-0.21,0.05,1,-0.13,0.07,1,-0.29,0.09,3
516,19.356,-99.179,341,-0.33,0.16,3,-0.37,0.15,3,-0.34,0.15,3,-0.42,0.14,3,-0.35,0.12,3,-0.23,0.07,1,-0.17,0.07,1,-0.31,0.12,3
517,19.411,-99.145,562,-0.25,0.08,3,-0.32,0.07,3,-0.3,0.07,3,-0.3,0.07,3,-0.25,0.08,3,-0.17,0.07,1,-0.16,0.06,1,-0.25,0.07,3
518,19.355,-99.154,559,-0.41,0.13,3,-0.49,0.1,3,-0.52,0.07,3,-0.51,0.08,3,-0.46,0.06,3,-0.28,0.07,3,-0.21,0.07,1,-0.41,0.08,3
519,19.355,-99.175,365,-0.33,0.08,3,-0.36,0.08,3,-0.36,0.1,3,-0.37,0.09,3,-0.38,0.08,3,-0.3,0.07,3,-0.24,0.08,1,-0.33,0.08,3
520,19.394,-99.143,385,-0.47,0.07,3,-0.56,0.12,3,-0.55,0.09,3,-0.55,0.11,3,-0.56,0.06,3,-0.44,0.07,3,-0.31,0.09,3,-0.49,0.08,3
521,19.447,-99.154,526,-0.28,0.12,3,-0.35,0.08,3,-0.38,0.1,3,-0.37,0.07,3,-0.37,0.05,3,-0.24,0.04,1,-0.15,0.05,1,-0.3,0.07,3
522,19.443,-99.203,559,-0.7,0.18,3,-0.78,0.16,3,-0.79,0.14,3,-0.78,0.14,3,-0.79,0.13,3,-0.6,0.14,3,-0.49,0.17,3,-0.7,0.15,3
523,19.362,-99.175,374,-0.61,0.12,3,-0.65,0.1,3,-0.69,0.14,3,-0.69,0.1,3,-0.71,0.08,3,-0.5,0.08,3,-0.39,0.09,3,-0.6,0.1,3
524,19.355,-99.185,527,-0.52,0.16,3,-0.62,0.14,3,-0.63,0.11,3,-0.65,0.12,3,-0.63,0.1,3,-0.34,0.08,3,-0.26,0.11,3,-0.52,0.11,3
525,19.416,-99.135,366,-0.36,0.08,3,-0.41,0.09,3,-0.45,0.07,3,-0.43,0.1,3,-0.44,0.06,3,-0.28,0.07,3,-0.22,0.08,1,-0.37,0.07,3
526,19.409,-99.151,522,-0.63,0.12,3,-0.73,0.1,3,-0.74,0.12,3,-0.7,0.1,3,-0.75,0.08,3,-0.46,0.09,3,-0.29,0.1,3,-0.61,0.1,3
527,19.361,-99.177,572,-0.65,0.23,3,-0.73,0.19,3,-0.73,0.18,3,-0.73,0.13,3,-0.71,0.18,3,-0.3,0.12,3,-0.3,0.16,3,-0.59,0.17,3
528,19.423,-99.135,337,-0.69,0.35,4,-0.79,0.29,4,-0.78,0.26,4,-0.77,0.34,4,-0.76,0.2,3,-0.16,0.16,6,-0.13,0.14,1,-0.58,0.24,3
529,19.359,-99.183,384,-0.65,0.4,4,-0.73,0.37,4,-0.77,0.34,4,-0.76,0.3,4,-0.73,0.35,4,-0.24,0.33,2,-0.21,0.26,2,-0.58,0.33,4
530,19.359,-99.153,667,-0.58,0.21,3,-0.66,0.29,4,-0.67,0.26,4,-0.67,0.24,3,-0.65,0.2,3,-0.34,0.1,3,-0.3,0.09,3,-0.55,0.19,3
531,19.416,-99.141,687,-0.65,0.14,3,-0.75,0.15,3,-0.74,0.15,3,-0.75,0.11,3,-0.72,0.12,3,-0.51,0.1,3,-0.38,0.12,3,-0.64,0.12,3
532,19.352,-99.178,686,-0.47,0.13,3,-0.52,0.11,3,-0.51,0.12,3,-0.5,0.14,3,-0.49,0.09,3,-0.3,0.09,3,-0.27,0.09,3,-0.43,0.1,3
533,19.454,-99.173,688,-0.52,0.09,3,-0.6,0.06,3,-0.59,0.07,3,-0.59,0.07,3,-0.55,0.08,3,-0.24,0.08,1,-0.2,0.08,1,-0.47,0.07,3
534,19.349,-99.165,686,-0.48,0.12,3,-0.58,0.1,3,-0.58,0.08,3,-0.58,0.08,3,-0.53,0.09,3,-0.15,0.16,1,-0.18,0.11,1,-0.44,0.1,3
535,19.464,-99.169,688,-0.6,0.13,3,-0.66,0.18,3,-0.66,0.15,3,-0.68,0.17,3,-0.65,0.1,3,-0.23,0.11,1,-0.2,0.11,1,-0.52,0.13,3
536,19.407,-99.144,751,-0.55,0.19,3,-0.65,0.18,3,-0.67,0.13,3,-0.64,0.16,3,-0.63,0.16,3,-0.24,0.13,1,-0.23,0.11,1,-0.51,0.15,3
537,19.41,-99.142,437,-0.35,0.41,5,-0.35,0.45,5,-0.34,0.48,5,-0.35,0.46,5,-0.33,0.39,5,-0.12,0.38,2,-0.14,0.27,2,-0.28,0.4,5
538,19.413,-99.143,391,-0.27,0.13,3,-0.29,0.17,3,-0.26,0.15,3,-0.25,0.15,3,-0.22,0.12,1,-0.18,0.13,1,-0.15,0.1,1,-0.23,0.13,1
539,19.399,-99.141,351,-0.33,0.1,3,-0.32,0.16,3,-0.31,0.09,3,-0.28,0.09,3,-0.29,0.09,3,-0.12,0.09,1,-0.1,0.11,1,-0.25,0.1,3
540,19.356,-99.149,456,-0.39,0.17,3,-0.42,0.2,3,-0.47,0.15,3,-0.45,0.15,3,-0.4,0.11,3,-0.23,0.08,1,-0.21,0.08,1,-0.36,0.13,3
541,19.373,-99.149,455,-0.67,0.26,4,-0.7,0.29,4,-0.73,0.26,4,-0.72,0.22,3,-0.73,0.18,3,-0.47,0.08,3,-0.33,0.09,3,-0.62,0.19,3
542,19.349,-99.179,381,-0.26,0.14,3,-0.34,0.11,3,-0.32,0.1,3,-0.33,0.09,3,-0.28,0.09,3,-0.21,0.08,1,-0.17,0.09,1,-0.27,0.09,3
543,19.367,-99.149,456,-0.57,0.15,3,-0.58,0.19,3,-0.63,0.16,3,-0.63,0.16,3,-0.66,0.1,3,-0.39,0.09,3,-0.34,0.09,3,-0.54,0.13,3
544,19.378,-99.158,440,-0.52,0.21,3,-0.55,0.22,3,-0.55,0.2,3,-0.57,0.21,3,-0.62,0.15,3,-0.47,0.12,3,-0.39,0.11,3,-0.52,0.17,3
545,19.462,-99.178,455,-0.52,0.15,3,-0.5,0.16,3,-0.54,0.12,3,-0.53,0.14,3,-0.52,0.13,3,-0.31,0.1,3,-0.25,0.13,3,-0.45,0.13,3
546,19.371,-99.142,348,-0.22,0.07,1,-0.29,0.06,3,-0.3,0.07,3,-0.28,0.06,3,-0.27,0.05,3,-0.17,0.05,1,-0.14,0.06,1,-0.23,0.06,1
547,19.357,-99.16,348,-0.57,0.2,3,-0.53,0.29,4,-0.57,0.26,4,-0.6,0.21,3,-0.59,0.16,3,-0.54,0.09,3,-0.47,0.1,3,-0.55,0.18,3
548,19.46,-99.174,454,-0.3,0.08,3,-0.34,0.1,3,-0.34,0.08,3,-0.34,0.07,3,-0.36,0.06,3,-0.21,0.06,1,-0.16,0.05,1,-0.29,0.07,3
549,19.352,-99.185,455,-0.35,0.13,3,-0.41,0.17,3,-0.38,0.16,3,-0.37,0.16,3,-0.42,0.07,3,-0.31,0.06,3,-0.23,0.08,1,-0.35,0.11,3
550,19.39,-99.151,448,-0.29,0.12,3,-0.31,0.11,3,-0.33,0.11,3,-0.32,0.1,3,-0.31,0.09,3,-0.22,0.07,1,-0.18,0.06,1,-0.28,0.09,3
551,19.42,-99.136,363,-0.38,0.19,3,-0.43,0.19,3,-0.48,0.19,3,-0.45,0.18,3,-0.46,0.12,3,-0.32,0.09,3,-0.29,0.07,3,-0.4,0.14,3
552,19.364,-99.15,450,-0.37,0.24,3,-0.46,0.25,4,-0.45,0.22,3,-0.45,0.17,3,-0.47,0.2,3,-0.22,0.17,1,-0.18,0.18,6,-0.37,0.2,3
553,19.466,-99.186,370,-0.22,0.11,1,-0.26,0.14,3,-0.34,0.08,3,-0.28,0.12,3,-0.26,0.08,3,-0.17,0.09,1,-0.14,0.08,1,-0.23,0.1,1
554,19.359,-99.178,453,-0.44,0.21,3,-0.49,0.21,3,-0.52,0.15,3,-0.5,0.22,3,-0.48,0.15,3,-0.34,0.09,3,-0.29,0.08,3,-0.43,0.15,3
555,19.402,-99.153,344,-0.24,0.08,1,-0.22,0.14,1,-0.25,0.09,3,-0.25,0.09,3,-0.24,0.1,1,-0.12,0.08,1,-0.08,0.05,1,-0.2,0.09,1
556,19.47,-99.189,441,-0.39,0.23,3,-0.43,0.31,4,-0.46,0.3,4,-0.48,0.27,4,-0.47,0.21,3,-0.27,0.12,3,-0.2,0.1,1,-0.38,0.22,3
557,19.468,-99.166,350,-0.47,0.24,3,-0.5,0.29,4,-0.46,0.27,4,-0.52,0.27,4,-0.49,0.21,3,-0.31,0.14,3,-0.27,0.11,3,-0.43,0.21,3
558,19.465,-99.163,454,-0.26,0.32,5,-0.27,0.31,5,-0.27,0.32,5,-0.23,0.31,2,-0.24,0.33,2,-0.14,0.14,6,-0.11,0.16,1,-0.21,0.27,2
559,19.467,-99.18,443,-0.44,0.22,3,-0.53,0.19,3,-0.49,0.2,3,-0.5,0.21,3,-0.51,0.18,3,-0.42,0.12,3,-0.28,0.14,3,-0.45,0.18,3
560,19.397,-99.155,455,-0.37,0.23,3,-0.45,0.23,3,-0.48,0.16,3,-0.48,0.2,3,-0.44,0.15,3,-0.24,0.09,1,-0.15,0.12,1,-0.37,0.16,3
561,19.465,-99.179,450,-0.31,0.13,3,-0.35,0.16,3,-0.34,0.17,3,-0.35,0.11,3,-0.36,0.1,3,-0.26,0.06,3,-0.2,0.08,1,-0.31,0.11,3
562,19.465,-99.177,346,-0.34,0.2,3,-0.41,0.21,3,-0.4,0.16,3,-0.42,0.17,3,-0.37,0.17,3,-0.13,0.12,1,-0.12,0.1,1,-0.31,0.16,3
563,19.466,-99.173,339,-0.19,0.14,1,-0.23,0.12,1,-0.22,0.14,1,-0.21,0.15,1,-0.18,0.15,1,-0.11,0.1,1,-0.08,0.11,1,-0.17,0.13,1
564,19.468,-99.177,372,-0.28,0.17,3,-0.33,0.16,3,-0.35,0.15,3,-0.31,0.17,3,-0.25,0.13,3,-0.11,0.11,6,-0.12,0.1,1,-0.25,0.14,3
565,19.356,-99.157,437,-0.51,0.26,4,-0.55,0.28,4,-0.59,0.26,4,-0.58,0.25,4,-0.55,0.21,3,-0.4,0.15,3,-0.35,0.1,3,-0.5,0.21,3
566,19.357,-99.153,380,-0.31,0.28,4,-0.44,0.21,3,-0.4,0.19,3,-0.44,0.18,3,-0.43,0.15,3,-0.29,0.09,3,-0.18,0.08,1,-0.35,0.16,3
567,19.348,-99.149,344,-0.23,0.16,1,-0.25,0.14,3,-0.21,0.11,1,-0.22,0.11,1,-0.21,0.11,1,-0.13,0.14,1,-0.09,0.09,6,-0.19,0.12,1
568,19.452,-99.155,343,-0.25,0.11,3,-0.27,0.15,3,-0.31,0.1,3,-0.3,0.08,3,-0.24,0.1,1,-0.15,0.12,1,-0.14,0.09,1,-0.23,0.1,1
569,19.367,-99.143,321,-0.39,0.19,3,-0.38,0.18,3,-0.42,0.22,3,-0.4,0.23,3,-0.35,0.19,3,-0.16,0.2,1,-0.19,0.17,1,-0.32,0.19,3
570,19.424,-99.148,456,-0.26,0.17,3,-0.34,0.16,3,-0.33,0.14,3,-0.34,0.13,3,-0.29,0.13,3,-0.17,0.09,1,-0.15,0.08,1,-0.26,0.12,3
571,19.405,-99.143,438,-0.34,0.23,3,-0.4,0.22,3,-0.45,0.23,3,-0.41,0.19,3,-0.34,0.15,3,-0.15,0.11,1,-0.18,0.11,1,-0.32,0.17,3
572,19.392,-99.151,371,-0.28,0.18,3,-0.35,0.17,3,-0.36,0.14,3,-0.35,0.18,3,-0.33,0.12,3,-0.28,0.06,3,-0.21,0.07,1,-0.3,0.13,3
573,19.398,-99.148,457,-0.34,0.2,3,-0.4,0.2,3,-0.45,0.15,3,-0.42,0.17,3,-0.39,0.11,3,-0.24,0.11,1,-0.22,0.09,1,-0.35,0.14,3
574,19.362,-99.144,367,-0.44,0.32,4,-0.57,0.26,4,-0.6,0.23,3,-0.58,0.21,3,-0.54,0.24,3,-0.3,0.17,3,-0.37,0.14,3,-0.48,0.22,3
575,19.402,-99.143,392,-0.18,0.35,2,-0.16,0.34,2,-0.2,0.34,2,-0.15,0.33,2,-0.15,0.35,2,-0.09,0.44,2,-0.1,0.4,2,-0.14,0.36,2
576,19.457,-99.169,381,-0.23,0.17,1,-0.25,0.18,3,-0.22,0.2,1,-0.22,0.21,1,-0.18,0.22,1,-0.16,0.19,1,-0.15,0.18,1,-0.2,0.19,1
577,19.44,-99.175,378,-0.38,0.26,4,-0.29,0.31,5,-0.33,0.27,4,-0.31,0.33,5,-0.2,0.35,2,-0.21,0.39,2,-0.2,0.31,2,-0.27,0.31,5
578,19.396,-99.145,464,-0.27,0.17,3,-0.33,0.19,3,-0.37,0.14,3,-0.34,0.18,3,-0.34,0.12,3,-0.21,0.09,1,-0.18,0.11,1,-0.29,0.14,3
579,19.348,-99.187,378,-0.28,0.13,3,-0.32,0.08,3,-0.29,0.09,3,-0.32,0.1,3,-0.27,0.12,3,-0.16,0.1,1,-0.14,0.1,1,-0.25,0.1,3
580,19.462,-99.162,372,-0.4,0.3,4,-0.54,0.29,4,-0.57,0.25,4,-0.58,0.22,3,-0.54,0.23,3,-0.31,0.15,3,-0.32,0.11,3,-0.46,0.22,3
581,19.45,-99.163,357,-0.29,0.13,3,-0.41,0.14,3,-0.47,0.1,3,-0.43,0.14,3,-0.39,0.1,3,-0.27,0.11,3,-0.24,0.11,1,-0.35,0.11,3
582,19.455,-99.181,371,-0.37,0.22,3,-0.43,0.2,3,-0.47,0.2,3,-0.48,0.15,3,-0.41,0.15,3,-0.22,0.11,1,-0.17,0.1,1,-0.36,0.16,3
583,19.426,-99.134,460,-0.36,0.2,3,-0.47,0.19,3,-0.53,0.15,3,-0.53,0.16,3,-0.48,0.12,3,-0.28,0.09,3,-0.23,0.1,1,-0.41,0.14,3
584,19.352,-99.162,447,-0.32,0.21,3,-0.37,0.21,3,-0.37,0.23,3,-0.38,0.19,3,-0.33,0.19,3,-0.17,0.17,6,-0.14,0.12,1,-0.29,0.18,3
585,19.391,-99.139,454,-0.47,0.33,4,-0.55,0.25,4,-0.58,0.27,4,-0.55,0.23,3,-0.49,0.17,3,-0.24,0.16,1,-0.2,0.19,1,-0.44,0.22,3
586,19.346,-99.173,357,-0.33,0.21,3,-0.37,0.21,3,-0.35,0.25,4,-0.34,0.2,3,-0.3,0.2,3,-0.14,0.17,1,-0.17,0.14,1,-0.28,0.19,3
587,19.354,-99.148,338,-0.25,0.18,3,-0.34,0.16,3,-0.35,0.12,3,-0.32,0.1,3,-0.28,0.08,3,-0.15,0.1,1,-0.15,0.11,1,-0.26,0.12,3
588,19.353,-99.165,378,-0.14,0.09,1,-0.17,0.07,1,-0.15,0.07,1,-0.16,0.07,1,-0.14,0.06,1,-0.1,0.06,1,-0.1,0.05,1,-0.13,0.06,1
589,19.361,-99.151,387,-0.25,0.28,5,-0.46,0.21,3,-0.42,0.23,3,-0.46,0.15,3,-0.33,0.21,3,-0.26,0.15,3,-0.21,0.12,1,-0.34,0.19,3
590,19.344,-99.156,454,-0.23,0.25,2,-0.26,0.2,3,-0.24,0.19,1,-0.26,0.17,3,-0.23,0.17,1,-0.12,0.16,1,-0.12,0.09,1,-0.2,0.17,1
591,19.455,-99.158,374,-0.4,0.31,4,-0.51,0.32,4,-0.52,0.27,4,-0.55,0.27,4,-0.5,0.18,3,-0.38,0.09,3,-0.28,0.1,3,-0.44,0.22,3
592,19.454,-99.163,460,-0.34,0.24,3,-0.42,0.25,4,-0.44,0.23,3,-0.45,0.23,3,-0.43,0.18,3,-0.33,0.09,3,-0.26,0.1,3,-0.38,0.18,3
593,19.401,-99.137,452,-0.28,0.2,3,-0.35,0.2,3,-0.38,0.17,3,-0.4,0.13,3,-0.35,0.1,3,-0.24,0.07,1,-0.18,0.07,1,-0.31,0.13,3
594,19.422,-99.14,392,-0.26,0.14,3,-0.31,0.14,3,-0.37,0.15,3,-0.35,0.12,3,-0.31,0.11,3,-0.22,0.1,1,-0.21,0.11,1,-0.29,0.12,3
595,19.401,-99.148,349,-0.21,0.13,1,-0.28,0.1,3,-0.3,0.07,3,-0.29,0.08,3,-0.25,0.09,3,-0.22,0.07,1,-0.15,0.08,1,-0.24,0.08,1
596,19.347,-99.164,464,-0.32,0.15,3,-0.35,0.18,3,-0.37,0.14,3,-0.38,0.11,3,-0.36,0.14,3,-0.24,0.12,1,-0.25,0.1,3,-0.32,0.13,3
597,19.449,-99.179,345,-0.16,0.1,1,-0.17,0.11,1,-0.22,0.1,1,-0.17,0.1,1,-0.16,0.09,1,-0.13,0.1,1,-0.19,0.09,1,-0.17,0.09,1
598,19.383,-99.157,463,-0.19,0.15,1,-0.26,0.13,3,-0.24,0.11,1,-0.24,0.12,1,-0.22,0.1,1,-0.17,0.08,1,-0.15,0.08,1,-0.2,0.1,1
599,19.379,-99.141,462,-0.17,0.23,1,-0.21,0.23,1,-0.22,0.21,1,-0.24,0.17,1,-0.17,0.18,1,-0.15,0.22,1,-0.14,0.18,1,-0.18,0.2,1
600,19.395,-99.14,457,-0.27,0.13,3,-0.3,0.14,3,-0.31,0.12,3,-0.31,0.11,3,-0.28,0.09,3,-0.2,0.07,1,-0.19,0.06,1,-0.26,0.1,3
601,19.362,-99.187,457,-0.23,0.17,1,-0.29,0.16,3,-0.33,0.14,3,-0.31,0.14,3,-0.29,0.13,3,-0.18,0.09,1,-0.18,0.07,1,-0.25,0.12,3
602,19.465,-99.16,380,-0.23,0.2,1,-0.33,0.17,3,-0.39,0.13,3,-0.36,0.12,3,-0.34,0.11,3,-0.22,0.12,1,-0.19,0.12,1,-0.29,0.13,3
603,19.393,-99.152,384,-0.25,0.11,3,-0.28,0.11,3,-0.26,0.13,3,-0.25,0.08,3,-0.21,0.08,1,-0.15,0.08,1,-0.13,0.08,1,-0.21,0.09,1
604,19.365,-99.186,457,-0.21,0.18,1,-0.27,0.11,3,-0.26,0.14,3,-0.28,0.1,3,-0.23,0.1,1,-0.16,0.06,1,-0.12,0.07,1,-0.21,0.1,1
605,19.408,-99.138,460,-0.24,0.14,1,-0.32,0.14,3,-0.34,0.1,3,-0.33,0.11,3,-0.28,0.09,3,-0.2,0.06,1,-0.18,0.06,1,-0.27,0.1,3
606,19.446,-99.17,346,-0.37,0.25,4,-0.43,0.27,4,-0.44,0.25,4,-0.4,0.25,4,-0.42,0.2,3,-0.31,0.11,3,-0.25,0.16,3,-0.37,0.21,3
607,19.415,-99.137,464,-0.3,0.1,3,-0.41,0.11,3,-0.41,0.08,3,-0.46,0.08,3,-0.4,0.06,3,-0.23,0.07,1,-0.2,0.08,1,-0.34,0.08,3
608,19.395,-99.155,357,-0.16,0.09,1,-0.14,0.1,1,-0.14,0.1,1,-0.14,0.11,1,-0.15,0.08,1,-0.14,0.09,1,-0.17,0.07,1,-0.14,0.09,1
609,19.412,-99.188,392,-0.3,0.34,5,-0.24,0.38,2,-0.22,0.41,2,-0.21,0.48,2,-0.18,0.44,2,-0.15,0.34,2,-0.25,0.26,5,-0.22,0.37,2
610,19.36,-99.165,462,-0.18,0.11,1,-0.17,0.13,1,-0.16,0.14,1,-0.18,0.11,1,-0.16,0.12,1,-0.15,0.1,1,-0.14,0.08,1,-0.16,0.11,1
611,19.418,-99.141,463,-0.24,0.14,1,-0.32,0.12,3,-0.27,0.14,3,-0.31,0.11,3,-0.27,0.1,3,-0.21,0.08,1,-0.18,0.09,1,-0.25,0.11,3
612,19.359,-99.144,392,-0.29,0.19,3,-0.44,0.16,3,-0.51,0.15,3,-0.47,0.13,3,-0.42,0.1,3,-0.29,0.1,3,-0.28,0.09,3,-0.38,0.13,3
613,19.388,-99.14,351,-0.12,0.08,1,-0.19,0.07,1,-0.22,0.06,1,-0.23,0.05,1,-0.18,0.05,1,-0.13,0.04,1,-0.11,0.03,1,-0.16,0.05,1
614,19.345,-99.164,457,-0.49,0.3,4,-0.59,0.28,4,-0.67,0.25,4,-0.63,0.22,3,-0.57,0.2,3,-0.42,0.16,3,-0.35,0.17,3,-0.53,0.22,3
615,19.387,-99.144,447,-0.26,0.19,3,-0.34,0.19,3,-0.31,0.15,3,-0.33,0.14,3,-0.28,0.11,3,-0.14,0.08,1,-0.15,0.08,1,-0.25,0.13,3
616,19.368,-99.152,393,-0.38,0.14,3,-0.37,0.15,3,-0.44,0.13,3,-0.39,0.15,3,-0.4,0.14,3,-0.12,0.3,2,-0.16,0.2,1,-0.32,0.17,3
617,19.459,-99.164,379,-0.24,0.13,1,-0.27,0.12,3,-0.27,0.11,3,-0.25,0.13,3,-0.26,0.1,3,-0.12,0.1,1,-0.14,0.1,1,-0.22,0.11,1
618,19.412,-99.141,460,-0.39,0.23,3,-0.52,0.18,3,-0.56,0.14,3,-0.54,0.14,3,-0.51,0.16,3,-0.34,0.16,3,-0.31,0.11,3,-0.45,0.16,3
619,19.385,-99.154,358,-0.21,0.2,1,-0.28,0.17,3,-0.26,0.14,3,-0.27,0.15,3,-0.25,0.15,3,-0.19,0.11,1,-0.2,0.12,1,-0.23,0.14,1
620,19.361,-99.148,460,-0.22,0.13,1,-0.25,0.14,3,-0.24,0.1,1,-0.24,0.14,1,-0.21,0.08,1,-0.14,0.11,1,-0.16,0.07,1,-0.2,0.11,1
621,19.446,-99.176,370,-0.26,0.14,3,-0.31,0.13,3,-0.35,0.11,3,-0.3,0.1,3,-0.26,0.09,3,-0.19,0.1,1,-0.19,0.07,1,-0.26,0.1,3
622,19.389,-99.156,356,-0.29,0.15,3,-0.37,0.12,3,-0.38,0.12,3,-0.4,0.12,3,-0.35,0.05,3,-0.25,0.08,3,-0.24,0.07,1,-0.32,0.1,3
623,19.371,-99.152,384,-0.21,0.12,1,-0.26,0.1,3,-0.26,0.1,3,-0.26,0.09,3,-0.24,0.07,1,-0.18,0.07,1,-0.16,0.08,1,-0.22,0.09,1
624,19.379,-99.15,449,-0.39,0.13,3,-0.45,0.14,3,-0.45,0.14,3,-0.43,0.14,3,-0.37,0.11,3,-0.24,0.15,1,-0.27,0.1,3,-0.37,0.13,3
625,19.411,-99.136,372,-0.2,0.16,1,-0.29,0.15,3,-0.3,0.1,3,-0.3,0.1,3,-0.27,0.12,3,-0.21,0.08,1,-0.22,0.12,1,-0.25,0.11,3
626,19.47,-99.19,443,-0.12,0.07,1,-0.12,0.07,1,-0.11,0.07,1,-0.14,0.07,1,-0.12,0.06,1,-0.08,0.07,1,-0.11,0.06,1,-0.11,0.06,1
627,19.441,-99.205,355,-0.28,0.21,3,-0.35,0.19,3,-0.38,0.15,3,-0.32,0.14,3,-0.28,0.11,3,-0.14,0.09,1,-0.16,0.08,1,-0.27,0.13,3
628,19.413,-99.148,314,-0.2,0.13,1,-0.2,0.11,1,-0.23,0.12,1,-0.2,0.12,1,-0.18,0.11,1,-0.1,0.12,1,-0.11,0.08,1,-0.17,0.11,1
629,19.471,-99.178,363,-0.15,0.16,1,-0.13,0.2,1,-0.12,0.23,1,-0.17,0.21,1,-0.14,0.21,1,-0.09,0.15,1,-0.1,0.11,1,-0.12,0.18,1
630,19.395,-99.139,461,-0.18,0.1,1,-0.26,0.07,3,-0.23,0.1,1,-0.22,0.07,1,-0.21,0.07,1,-0.14,0.09,1,-0.12,0.09,1,-0.19,0.08,1
631,19.416,-99.15,433,-0.16,0.2,1,-0.18,0.19,1,-0.17,0.22,1,-0.15,0.22,1,-0.15,0.2,1,-0.1,0.17,1,-0.13,0.14,1,-0.14,0.19,1
632,19.418,-99.153,461,-0.26,0.07,3,-0.27,0.08,3,-0.31,0.08,3,-0.28,0.1,3,-0.29,0.09,3,-0.2,0.1,1,-0.2,0.1,1,-0.25,0.08,3
633,19.405,-99.137,461,-0.12,0.23,1,-0.13,0.25,2,-0.12,0.3,2,-0.12,0.24,1,-0.11,0.22,1,-0.1,0.14,1,-0.12,0.12,6,-0.11,0.21,1
634,19.406,-99.139,359,-0.13,0.17,1,-0.14,0.13,1,-0.13,0.15,1,-0.13,0.15,1,-0.14,0.15,1,-0.1,0.13,1,-0.13,0.17,1,-0.12,0.15,1
635,19.467,-99.163,356,-0.22,0.18,1,-0.2,0.13,1,-0.22,0.15,1,-0.18,0.13,1,-0.19,0.16,1,-0.15,0.16,1,-0.18,0.13,1,-0.19,0.14,1
636,19.447,-99.155,395,-0.08,0.18,1,-0.08,0.2,1,-0.08,0.2,1,-0.06,0.21,1,-0.06,0.2,1,-0.08,0.08,6,-0.08,0.09,1,-0.07,0.16,1
637,19.445,-99.17,665,-0.09,0.15,1,-0.1,0.2,1,-0.08,0.19,1,-0.08,0.18,1,-0.08,0.21,1,-0.08,0.22,1,-0.06,0.31,2,-0.08,0.2,1
638,19.35,-99.187,662,-0.1,0.16,1,-0.09,0.18,1,-0.09,0.19,1,-0.08,0.18,1,-0.08,0.19,1,-0.06,0.17,1,-0.08,0.15,1,-0.08,0.17,1
639,19.409,-99.136,661,-0.14,0.21,1,-0.15,0.22,1,-0.14,0.22,1,-0.12,0.21,1,-0.13,0.21,1,-0.11,0.14,1,-0.11,0.18,1,-0.12,0.19,1
640,19.471,-99.17,662,-0.15,0.2,1,-0.12,0.17,1,-0.13,0.21,1,-0.11,0.18,1,-0.1,0.2,1,-0.08,0.24,1,-0.11,0.25,2,-0.11,0.2,1
641,19.471,-99.165,661,-0.37,0.39,5,-0.31,0.45,5,-0.32,0.42,5,-0.3,0.39,5,-0.27,0.43,5,-0.24,0.42,2,-0.29,0.46,5,-0.3,0.42,5
642,19.462,-99.184,463,-0.14,0.17,1,-0.16,0.14,1,-0.18,0.15,1,-0.17,0.16,1,-0.15,0.16,1,-0.15,0.14,1,-0.15,0.14,1,-0.15,0.15,6
643,19.47,-99.184,426,-0.15,0.12,1,-0.14,0.11,1,-0.13,0.12,1,-0.19,0.12,1,-0.15,0.1,1,-0.11,0.11,6,-0.1,0.1,6,-0.13,0.11,1
644,19.461,-99.171,427,-0.26,0.2,3,-0.4,0.2,3,-0.38,0.18,3,-0.34,0.19,3,-0.32,0.19,3,-0.21,0.09,1,-0.14,0.1,1,-0.29,0.16,3
645,19.46,-99.182,425,-0.28,0.07,3,-0.27,0.05,3,-0.32,0.06,3,-0.3,0.05,3,-0.27,0.07,3,-0.09,0.06,1,-0.08,0.07,1,-0.23,0.06,1
646,19.46,-99.167,393,-0.18,0.08,1,-0.17,0.09,1,-0.17,0.08,1,-0.17,0.09,1,-0.17,0.06,1,-0.1,0.07,1,-0.08,0.07,1,-0.14,0.07,1
647,19.362,-99.171,428,-0.1,0.19,1,-0.12,0.23,1,-0.11,0.22,1,-0.11,0.22,1,-0.1,0.15,1,-0.07,0.08,1,-0.07,0.05,1,-0.09,0.16,1
648,19.358,-99.188,662,-0.25,0.43,5,-0.23,0.54,2,-0.22,0.55,2,-0.16,0.54,2,-0.18,0.43,2,-0.12,0.19,1,-0.15,0.19,1,-0.18,0.41,2
649,19.367,-99.188,688,-0.17,0.33,2,-0.2,0.39,2,-0.18,0.41,2,-0.18,0.36,2,-0.15,0.27,2,-0.11,0.16,1,-0.13,0.16,1,-0.16,0.29,2
650,19.363,-99.189,645,-0.35,0.05,3,-0.42,0.04,3,-0.4,0.04,3,-0.4,0.04,3,-0.36,0.04,3,-0.2,0.04,1,-0.15,0.05,1,-0.32,0.04,3
651,19.466,-99.167,662,-0.31,0.11,3,-0.33,0.15,3,-0.33,0.11,3,-0.31,0.1,3,-0.3,0.13,3,-0.2,0.09,1,-0.2,0.09,1,-0.28,0.11,3
652,19.359,-99.184,377,-0.21,0.08,1,-0.21,0.1,1,-0.22,0.09,1,-0.2,0.1,1,-0.19,0.08,1,-0.1,0.05,1,-0.11,0.06,1,-0.17,0.08,1
653,19.464,-99.182,526,-0.28,0.56,5,-0.21,0.64,2,-0.26,0.64,5,-0.24,0.63,2,-0.24,0.57,2,-0.12,0.17,1,-0.1,0.15,1,-0.2,0.48,2
654,19.354,-99.19,525,-0.36,0.17,3,-0.32,0.21,3,-0.3,0.15,3,-0.31,0.19,3,-0.32,0.14,3,-0.17,0.07,1,-0.17,0.09,1,-0.27,0.14,3
655,19.356,-99.189,359,-0.38,0.25,4,-0.33,0.23,3,-0.35,0.22,3,-0.33,0.24,3,-0.34,0.21,3,-0.21,0.1,1,-0.23,0.1,1,-0.31,0.19,3
656,19.414,-99.192,176,-0.31,0.04,3,-0.34,0.03,3,-0.33,0.03,3,-0.41,0.04,3,-0.35,0.04,3,-0.18,0.04,1,-0.16,0.04,1,-0.29,0.03,3
657,19.468,-99.167,184,-0.14,0.07,1,-0.17,0.1,1,-0.21,0.08,1,-0.16,0.11,1,-0.17,0.1,1,-0.12,0.06,1,-0.11,0.05,1,-0.15,0.08,1